date,temple,footfall
2023-01-01,Somnath,6061
2023-01-01,Dwarka,3321
2023-01-01,Ambaji,2800
2023-01-01,Pavagadh,2037
2023-01-02,Somnath,4682
2023-01-02,Dwarka,2755
2023-01-02,Ambaji,2719
2023-01-02,Pavagadh,1948
2023-01-03,Somnath,4685
2023-01-03,Dwarka,2738
2023-01-03,Ambaji,2210
2023-01-03,Pavagadh,1290
2023-01-04,Somnath,4638
2023-01-04,Dwarka,2929
2023-01-04,Ambaji,2419
2023-01-04,Pavagadh,1565
2023-01-05,Somnath,5030
2023-01-05,Dwarka,3046
2023-01-05,Ambaji,2374
2023-01-05,Pavagadh,2071
2023-01-06,Somnath,4732
2023-01-06,Dwarka,3293
2023-01-06,Ambaji,2642
2023-01-06,Pavagadh,2059
2023-01-07,Somnath,7303
2023-01-07,Dwarka,4176
2023-01-07,Ambaji,3716
2023-01-07,Pavagadh,2845
2023-01-08,Somnath,5831
2023-01-08,Dwarka,3733
2023-01-08,Ambaji,2889
2023-01-08,Pavagadh,2587
2023-01-09,Somnath,4768
2023-01-09,Dwarka,2663
2023-01-09,Ambaji,2711
2023-01-09,Pavagadh,1161
2023-01-10,Somnath,5014
2023-01-10,Dwarka,3212
2023-01-10,Ambaji,2998
2023-01-10,Pavagadh,1950
2023-01-11,Somnath,5692
2023-01-11,Dwarka,3438
2023-01-11,Ambaji,2800
2023-01-11,Pavagadh,1977
2023-01-12,Somnath,4271
2023-01-12,Dwarka,2558
2023-01-12,Ambaji,2096
2023-01-12,Pavagadh,1941
2023-01-13,Somnath,5412
2023-01-13,Dwarka,2893
2023-01-13,Ambaji,2644
2023-01-13,Pavagadh,1891
2023-01-14,Somnath,7748
2023-01-14,Dwarka,5185
2023-01-14,Ambaji,3701
2023-01-14,Pavagadh,3187
2023-01-15,Somnath,7690
2023-01-15,Dwarka,4603
2023-01-15,Ambaji,3549
2023-01-15,Pavagadh,2916
2023-01-16,Somnath,4329
2023-01-16,Dwarka,2363
2023-01-16,Ambaji,2042
2023-01-16,Pavagadh,1730
2023-01-17,Somnath,4369
2023-01-17,Dwarka,2749
2023-01-17,Ambaji,2096
2023-01-17,Pavagadh,1733
2023-01-18,Somnath,5825
2023-01-18,Dwarka,3510
2023-01-18,Ambaji,2855
2023-01-18,Pavagadh,2186
2023-01-19,Somnath,4068
2023-01-19,Dwarka,2542
2023-01-19,Ambaji,2150
2023-01-19,Pavagadh,1683
2023-01-20,Somnath,4620
2023-01-20,Dwarka,2919
2023-01-20,Ambaji,2482
2023-01-20,Pavagadh,1377
2023-01-21,Somnath,6815
2023-01-21,Dwarka,3878
2023-01-21,Ambaji,3520
2023-01-21,Pavagadh,2454
2023-01-22,Somnath,6814
2023-01-22,Dwarka,4158
2023-01-22,Ambaji,3343
2023-01-22,Pavagadh,2214
2023-01-23,Somnath,4521
2023-01-23,Dwarka,2562
2023-01-23,Ambaji,2335
2023-01-23,Pavagadh,1878
2023-01-24,Somnath,3882
2023-01-24,Dwarka,2579
2023-01-24,Ambaji,2006
2023-01-24,Pavagadh,1741
2023-01-25,Somnath,4631
2023-01-25,Dwarka,3085
2023-01-25,Ambaji,2851
2023-01-25,Pavagadh,1975
2023-01-26,Somnath,5843
2023-01-26,Dwarka,3505
2023-01-26,Ambaji,2949
2023-01-26,Pavagadh,2249
2023-01-27,Somnath,4723
2023-01-27,Dwarka,2635
2023-01-27,Ambaji,2224
2023-01-27,Pavagadh,1571
2023-01-28,Somnath,6344
2023-01-28,Dwarka,4056
2023-01-28,Ambaji,3172
2023-01-28,Pavagadh,2585
2023-01-29,Somnath,6726
2023-01-29,Dwarka,4298
2023-01-29,Ambaji,3510
2023-01-29,Pavagadh,2889
2023-01-30,Somnath,4523
2023-01-30,Dwarka,2935
2023-01-30,Ambaji,2290
2023-01-30,Pavagadh,1722
2023-01-31,Somnath,4786
2023-01-31,Dwarka,3202
2023-01-31,Ambaji,2426
2023-01-31,Pavagadh,1767
2023-02-01,Somnath,4078
2023-02-01,Dwarka,2819
2023-02-01,Ambaji,2550
2023-02-01,Pavagadh,1570
2023-02-02,Somnath,4731
2023-02-02,Dwarka,2718
2023-02-02,Ambaji,2073
2023-02-02,Pavagadh,1883
2023-02-03,Somnath,4958
2023-02-03,Dwarka,3072
2023-02-03,Ambaji,2534
2023-02-03,Pavagadh,1504
2023-02-04,Somnath,7257
2023-02-04,Dwarka,4914
2023-02-04,Ambaji,3730
2023-02-04,Pavagadh,2854
2023-02-05,Somnath,7230
2023-02-05,Dwarka,4475
2023-02-05,Ambaji,3742
2023-02-05,Pavagadh,2566
2023-02-06,Somnath,4637
2023-02-06,Dwarka,2903
2023-02-06,Ambaji,2416
2023-02-06,Pavagadh,1731
2023-02-07,Somnath,4610
2023-02-07,Dwarka,3203
2023-02-07,Ambaji,2156
2023-02-07,Pavagadh,1629
2023-02-08,Somnath,4643
2023-02-08,Dwarka,2644
2023-02-08,Ambaji,2204
2023-02-08,Pavagadh,1909
2023-02-09,Somnath,4539
2023-02-09,Dwarka,3180
2023-02-09,Ambaji,2328
2023-02-09,Pavagadh,2154
2023-02-10,Somnath,5765
2023-02-10,Dwarka,3527
2023-02-10,Ambaji,2693
2023-02-10,Pavagadh,2151
2023-02-11,Somnath,7953
2023-02-11,Dwarka,4827
2023-02-11,Ambaji,3872
2023-02-11,Pavagadh,2832
2023-02-12,Somnath,6903
2023-02-12,Dwarka,4359
2023-02-12,Ambaji,3507
2023-02-12,Pavagadh,2718
2023-02-13,Somnath,4372
2023-02-13,Dwarka,2742
2023-02-13,Ambaji,2239
2023-02-13,Pavagadh,1452
2023-02-14,Somnath,4539
2023-02-14,Dwarka,2726
2023-02-14,Ambaji,1974
2023-02-14,Pavagadh,1776
2023-02-15,Somnath,5565
2023-02-15,Dwarka,3105
2023-02-15,Ambaji,2630
2023-02-15,Pavagadh,2025
2023-02-16,Somnath,4863
2023-02-16,Dwarka,3110
2023-02-16,Ambaji,2398
2023-02-16,Pavagadh,1782
2023-02-17,Somnath,4876
2023-02-17,Dwarka,3411
2023-02-17,Ambaji,2306
2023-02-17,Pavagadh,1755
2023-02-18,Somnath,6567
2023-02-18,Dwarka,4264
2023-02-18,Ambaji,3320
2023-02-18,Pavagadh,2632
2023-02-19,Somnath,6556
2023-02-19,Dwarka,3911
2023-02-19,Ambaji,3238
2023-02-19,Pavagadh,2268
2023-02-20,Somnath,4431
2023-02-20,Dwarka,2938
2023-02-20,Ambaji,2375
2023-02-20,Pavagadh,1701
2023-02-21,Somnath,4762
2023-02-21,Dwarka,3070
2023-02-21,Ambaji,2518
2023-02-21,Pavagadh,1712
2023-02-22,Somnath,5553
2023-02-22,Dwarka,3640
2023-02-22,Ambaji,2935
2023-02-22,Pavagadh,1978
2023-02-23,Somnath,4644
2023-02-23,Dwarka,2942
2023-02-23,Ambaji,2213
2023-02-23,Pavagadh,1609
2023-02-24,Somnath,4702
2023-02-24,Dwarka,2684
2023-02-24,Ambaji,2113
2023-02-24,Pavagadh,1863
2023-02-25,Somnath,6557
2023-02-25,Dwarka,4070
2023-02-25,Ambaji,3324
2023-02-25,Pavagadh,2484
2023-02-26,Somnath,6327
2023-02-26,Dwarka,3837
2023-02-26,Ambaji,3048
2023-02-26,Pavagadh,2903
2023-02-27,Somnath,5357
2023-02-27,Dwarka,3354
2023-02-27,Ambaji,2392
2023-02-27,Pavagadh,2257
2023-02-28,Somnath,5079
2023-02-28,Dwarka,3439
2023-02-28,Ambaji,2311
2023-02-28,Pavagadh,1526
2023-03-01,Somnath,4423
2023-03-01,Dwarka,2617
2023-03-01,Ambaji,2262
2023-03-01,Pavagadh,1685
2023-03-02,Somnath,4843
2023-03-02,Dwarka,2660
2023-03-02,Ambaji,2593
2023-03-02,Pavagadh,2069
2023-03-03,Somnath,5022
2023-03-03,Dwarka,3316
2023-03-03,Ambaji,2420
2023-03-03,Pavagadh,1524
2023-03-04,Somnath,8075
2023-03-04,Dwarka,4750
2023-03-04,Ambaji,3795
2023-03-04,Pavagadh,2990
2023-03-05,Somnath,5627
2023-03-05,Dwarka,3447
2023-03-05,Ambaji,2506
2023-03-05,Pavagadh,1919
2023-03-06,Somnath,4957
2023-03-06,Dwarka,3448
2023-03-06,Ambaji,2425
2023-03-06,Pavagadh,2016
2023-03-07,Somnath,4765
2023-03-07,Dwarka,3012
2023-03-07,Ambaji,2310
2023-03-07,Pavagadh,1730
2023-03-08,Somnath,5106
2023-03-08,Dwarka,2959
2023-03-08,Ambaji,2448
2023-03-08,Pavagadh,1768
2023-03-09,Somnath,4834
2023-03-09,Dwarka,2717
2023-03-09,Ambaji,2808
2023-03-09,Pavagadh,1900
2023-03-10,Somnath,4314
2023-03-10,Dwarka,2429
2023-03-10,Ambaji,1944
2023-03-10,Pavagadh,1616
2023-03-11,Somnath,6281
2023-03-11,Dwarka,3886
2023-03-11,Ambaji,2891
2023-03-11,Pavagadh,2627
2023-03-12,Somnath,6268
2023-03-12,Dwarka,3884
2023-03-12,Ambaji,3348
2023-03-12,Pavagadh,2135
2023-03-13,Somnath,4607
2023-03-13,Dwarka,2676
2023-03-13,Ambaji,1615
2023-03-13,Pavagadh,1595
2023-03-14,Somnath,4556
2023-03-14,Dwarka,3047
2023-03-14,Ambaji,2398
2023-03-14,Pavagadh,1477
2023-03-15,Somnath,5761
2023-03-15,Dwarka,3101
2023-03-15,Ambaji,2690
2023-03-15,Pavagadh,2228
2023-03-16,Somnath,4435
2023-03-16,Dwarka,3002
2023-03-16,Ambaji,2281
2023-03-16,Pavagadh,1593
2023-03-17,Somnath,4688
2023-03-17,Dwarka,2919
2023-03-17,Ambaji,2306
2023-03-17,Pavagadh,1842
2023-03-18,Somnath,6047
2023-03-18,Dwarka,3672
2023-03-18,Ambaji,2853
2023-03-18,Pavagadh,2351
2023-03-19,Somnath,6591
2023-03-19,Dwarka,4505
2023-03-19,Ambaji,3259
2023-03-19,Pavagadh,2679
2023-03-20,Somnath,5246
2023-03-20,Dwarka,2731
2023-03-20,Ambaji,2291
2023-03-20,Pavagadh,1779
2023-03-21,Somnath,4335
2023-03-21,Dwarka,2544
2023-03-21,Ambaji,1861
2023-03-21,Pavagadh,1800
2023-03-22,Somnath,4665
2023-03-22,Dwarka,3048
2023-03-22,Ambaji,2378
2023-03-22,Pavagadh,1879
2023-03-23,Somnath,4740
2023-03-23,Dwarka,3037
2023-03-23,Ambaji,2533
2023-03-23,Pavagadh,1903
2023-03-24,Somnath,5264
2023-03-24,Dwarka,3233
2023-03-24,Ambaji,2834
2023-03-24,Pavagadh,1939
2023-03-25,Somnath,7522
2023-03-25,Dwarka,4983
2023-03-25,Ambaji,3712
2023-03-25,Pavagadh,3058
2023-03-26,Somnath,6005
2023-03-26,Dwarka,3719
2023-03-26,Ambaji,3072
2023-03-26,Pavagadh,2315
2023-03-27,Somnath,4121
2023-03-27,Dwarka,2716
2023-03-27,Ambaji,2211
2023-03-27,Pavagadh,1771
2023-03-28,Somnath,5160
2023-03-28,Dwarka,3224
2023-03-28,Ambaji,2557
2023-03-28,Pavagadh,2113
2023-03-29,Somnath,4620
2023-03-29,Dwarka,2437
2023-03-29,Ambaji,2193
2023-03-29,Pavagadh,1755
2023-03-30,Somnath,4339
2023-03-30,Dwarka,2788
2023-03-30,Ambaji,1892
2023-03-30,Pavagadh,1486
2023-03-31,Somnath,3896
2023-03-31,Dwarka,2926
2023-03-31,Ambaji,2149
2023-03-31,Pavagadh,1656
2023-04-01,Somnath,7675
2023-04-01,Dwarka,5117
2023-04-01,Ambaji,3636
2023-04-01,Pavagadh,2814
2023-04-02,Somnath,6226
2023-04-02,Dwarka,3600
2023-04-02,Ambaji,2826
2023-04-02,Pavagadh,2046
2023-04-03,Somnath,5205
2023-04-03,Dwarka,3483
2023-04-03,Ambaji,2415
2023-04-03,Pavagadh,1720
2023-04-04,Somnath,4260
2023-04-04,Dwarka,2473
2023-04-04,Ambaji,2571
2023-04-04,Pavagadh,1411
2023-04-05,Somnath,4755
2023-04-05,Dwarka,3168
2023-04-05,Ambaji,2070
2023-04-05,Pavagadh,1426
2023-04-06,Somnath,4721
2023-04-06,Dwarka,2997
2023-04-06,Ambaji,2581
2023-04-06,Pavagadh,1748
2023-04-07,Somnath,4860
2023-04-07,Dwarka,2941
2023-04-07,Ambaji,2603
2023-04-07,Pavagadh,1727
2023-04-08,Somnath,7013
2023-04-08,Dwarka,4084
2023-04-08,Ambaji,3328
2023-04-08,Pavagadh,2366
2023-04-09,Somnath,7526
2023-04-09,Dwarka,4815
2023-04-09,Ambaji,3747
2023-04-09,Pavagadh,2805
2023-04-10,Somnath,4299
2023-04-10,Dwarka,2623
2023-04-10,Ambaji,2174
2023-04-10,Pavagadh,1548
2023-04-11,Somnath,4851
2023-04-11,Dwarka,3146
2023-04-11,Ambaji,2640
2023-04-11,Pavagadh,2287
2023-04-12,Somnath,4326
2023-04-12,Dwarka,2332
2023-04-12,Ambaji,1941
2023-04-12,Pavagadh,1609
2023-04-13,Somnath,3985
2023-04-13,Dwarka,2686
2023-04-13,Ambaji,2222
2023-04-13,Pavagadh,1264
2023-04-14,Somnath,4491
2023-04-14,Dwarka,2606
2023-04-14,Ambaji,1954
2023-04-14,Pavagadh,1530
2023-04-15,Somnath,6028
2023-04-15,Dwarka,3947
2023-04-15,Ambaji,3052
2023-04-15,Pavagadh,2128
2023-04-16,Somnath,6153
2023-04-16,Dwarka,3858
2023-04-16,Ambaji,3556
2023-04-16,Pavagadh,2244
2023-04-17,Somnath,4875
2023-04-17,Dwarka,2905
2023-04-17,Ambaji,2347
2023-04-17,Pavagadh,1587
2023-04-18,Somnath,4687
2023-04-18,Dwarka,3266
2023-04-18,Ambaji,2063
2023-04-18,Pavagadh,1786
2023-04-19,Somnath,4452
2023-04-19,Dwarka,2875
2023-04-19,Ambaji,2306
2023-04-19,Pavagadh,1638
2023-04-20,Somnath,4655
2023-04-20,Dwarka,3036
2023-04-20,Ambaji,2557
2023-04-20,Pavagadh,1854
2023-04-21,Somnath,5528
2023-04-21,Dwarka,3500
2023-04-21,Ambaji,2649
2023-04-21,Pavagadh,1788
2023-04-22,Somnath,6057
2023-04-22,Dwarka,3635
2023-04-22,Ambaji,2899
2023-04-22,Pavagadh,2567
2023-04-23,Somnath,6755
2023-04-23,Dwarka,4366
2023-04-23,Ambaji,3675
2023-04-23,Pavagadh,3142
2023-04-24,Somnath,4818
2023-04-24,Dwarka,3085
2023-04-24,Ambaji,2525
2023-04-24,Pavagadh,1846
2023-04-25,Somnath,5451
2023-04-25,Dwarka,3438
2023-04-25,Ambaji,2682
2023-04-25,Pavagadh,2395
2023-04-26,Somnath,4987
2023-04-26,Dwarka,3467
2023-04-26,Ambaji,2629
2023-04-26,Pavagadh,1764
2023-04-27,Somnath,5106
2023-04-27,Dwarka,3008
2023-04-27,Ambaji,2651
2023-04-27,Pavagadh,2188
2023-04-28,Somnath,5143
2023-04-28,Dwarka,3382
2023-04-28,Ambaji,2572
2023-04-28,Pavagadh,2110
2023-04-29,Somnath,6172
2023-04-29,Dwarka,3611
2023-04-29,Ambaji,3001
2023-04-29,Pavagadh,2521
2023-04-30,Somnath,6497
2023-04-30,Dwarka,4101
2023-04-30,Ambaji,3371
2023-04-30,Pavagadh,1994
2023-05-01,Somnath,5193
2023-05-01,Dwarka,3315
2023-05-01,Ambaji,3113
2023-05-01,Pavagadh,2169
2023-05-02,Somnath,5119
2023-05-02,Dwarka,3171
2023-05-02,Ambaji,2581
2023-05-02,Pavagadh,2183
2023-05-03,Somnath,4725
2023-05-03,Dwarka,2907
2023-05-03,Ambaji,2495
2023-05-03,Pavagadh,1629
2023-05-04,Somnath,5270
2023-05-04,Dwarka,2895
2023-05-04,Ambaji,2493
2023-05-04,Pavagadh,1748
2023-05-05,Somnath,4396
2023-05-05,Dwarka,2907
2023-05-05,Ambaji,1984
2023-05-05,Pavagadh,1389
2023-05-06,Somnath,7354
2023-05-06,Dwarka,4931
2023-05-06,Ambaji,4212
2023-05-06,Pavagadh,2819
2023-05-07,Somnath,7416
2023-05-07,Dwarka,4507
2023-05-07,Ambaji,3599
2023-05-07,Pavagadh,2685
2023-05-08,Somnath,4604
2023-05-08,Dwarka,3101
2023-05-08,Ambaji,2637
2023-05-08,Pavagadh,1903
2023-05-09,Somnath,5618
2023-05-09,Dwarka,3746
2023-05-09,Ambaji,2389
2023-05-09,Pavagadh,2188
2023-05-10,Somnath,4842
2023-05-10,Dwarka,3083
2023-05-10,Ambaji,2066
2023-05-10,Pavagadh,1801
2023-05-11,Somnath,5746
2023-05-11,Dwarka,3554
2023-05-11,Ambaji,2897
2023-05-11,Pavagadh,2254
2023-05-12,Somnath,4979
2023-05-12,Dwarka,3462
2023-05-12,Ambaji,2742
2023-05-12,Pavagadh,1917
2023-05-13,Somnath,7001
2023-05-13,Dwarka,4424
2023-05-13,Ambaji,3374
2023-05-13,Pavagadh,2353
2023-05-14,Somnath,6962
2023-05-14,Dwarka,4390
2023-05-14,Ambaji,3534
2023-05-14,Pavagadh,2550
2023-05-15,Somnath,4099
2023-05-15,Dwarka,2716
2023-05-15,Ambaji,2229
2023-05-15,Pavagadh,1790
2023-05-16,Somnath,4423
2023-05-16,Dwarka,2753
2023-05-16,Ambaji,1890
2023-05-16,Pavagadh,1342
2023-05-17,Somnath,3752
2023-05-17,Dwarka,2241
2023-05-17,Ambaji,2136
2023-05-17,Pavagadh,1345
2023-05-18,Somnath,3751
2023-05-18,Dwarka,2737
2023-05-18,Ambaji,1374
2023-05-18,Pavagadh,1299
2023-05-19,Somnath,5646
2023-05-19,Dwarka,3313
2023-05-19,Ambaji,2582
2023-05-19,Pavagadh,2121
2023-05-20,Somnath,6735
2023-05-20,Dwarka,4351
2023-05-20,Ambaji,3930
2023-05-20,Pavagadh,2649
2023-05-21,Somnath,5373
2023-05-21,Dwarka,3466
2023-05-21,Ambaji,2865
2023-05-21,Pavagadh,2087
2023-05-22,Somnath,4911
2023-05-22,Dwarka,3025
2023-05-22,Ambaji,2491
2023-05-22,Pavagadh,1885
2023-05-23,Somnath,3956
2023-05-23,Dwarka,2841
2023-05-23,Ambaji,1867
2023-05-23,Pavagadh,1706
2023-05-24,Somnath,4841
2023-05-24,Dwarka,3089
2023-05-24,Ambaji,2427
2023-05-24,Pavagadh,1601
2023-05-25,Somnath,4855
2023-05-25,Dwarka,2746
2023-05-25,Ambaji,2591
2023-05-25,Pavagadh,1673
2023-05-26,Somnath,4645
2023-05-26,Dwarka,2588
2023-05-26,Ambaji,2370
2023-05-26,Pavagadh,1301
2023-05-27,Somnath,6665
2023-05-27,Dwarka,3906
2023-05-27,Ambaji,3259
2023-05-27,Pavagadh,2864
2023-05-28,Somnath,6284
2023-05-28,Dwarka,3803
2023-05-28,Ambaji,2978
2023-05-28,Pavagadh,2442
2023-05-29,Somnath,5199
2023-05-29,Dwarka,3324
2023-05-29,Ambaji,2480
2023-05-29,Pavagadh,2043
2023-05-30,Somnath,4386
2023-05-30,Dwarka,2835
2023-05-30,Ambaji,1906
2023-05-30,Pavagadh,1483
2023-05-31,Somnath,4643
2023-05-31,Dwarka,3155
2023-05-31,Ambaji,2389
2023-05-31,Pavagadh,2186
2023-06-01,Somnath,5148
2023-06-01,Dwarka,3278
2023-06-01,Ambaji,2572
2023-06-01,Pavagadh,2073
2023-06-02,Somnath,4510
2023-06-02,Dwarka,2866
2023-06-02,Ambaji,2199
2023-06-02,Pavagadh,1196
2023-06-03,Somnath,6860
2023-06-03,Dwarka,4183
2023-06-03,Ambaji,3446
2023-06-03,Pavagadh,2447
2023-06-04,Somnath,6959
2023-06-04,Dwarka,4285
2023-06-04,Ambaji,3418
2023-06-04,Pavagadh,2312
2023-06-05,Somnath,5107
2023-06-05,Dwarka,3338
2023-06-05,Ambaji,2691
2023-06-05,Pavagadh,1960
2023-06-06,Somnath,5840
2023-06-06,Dwarka,3305
2023-06-06,Ambaji,2873
2023-06-06,Pavagadh,2309
2023-06-07,Somnath,4774
2023-06-07,Dwarka,2551
2023-06-07,Ambaji,2483
2023-06-07,Pavagadh,1743
2023-06-08,Somnath,4951
2023-06-08,Dwarka,3281
2023-06-08,Ambaji,2330
2023-06-08,Pavagadh,2075
2023-06-09,Somnath,4117
2023-06-09,Dwarka,3088
2023-06-09,Ambaji,2764
2023-06-09,Pavagadh,1769
2023-06-10,Somnath,5985
2023-06-10,Dwarka,3988
2023-06-10,Ambaji,3270
2023-06-10,Pavagadh,2507
2023-06-11,Somnath,7371
2023-06-11,Dwarka,4009
2023-06-11,Ambaji,3412
2023-06-11,Pavagadh,2807
2023-06-12,Somnath,4502
2023-06-12,Dwarka,2843
2023-06-12,Ambaji,2385
2023-06-12,Pavagadh,1640
2023-06-13,Somnath,4568
2023-06-13,Dwarka,3035
2023-06-13,Ambaji,1996
2023-06-13,Pavagadh,1922
2023-06-14,Somnath,5278
2023-06-14,Dwarka,3222
2023-06-14,Ambaji,2568
2023-06-14,Pavagadh,2097
2023-06-15,Somnath,5290
2023-06-15,Dwarka,3288
2023-06-15,Ambaji,2600
2023-06-15,Pavagadh,1886
2023-06-16,Somnath,4056
2023-06-16,Dwarka,2882
2023-06-16,Ambaji,1987
2023-06-16,Pavagadh,1424
2023-06-17,Somnath,7066
2023-06-17,Dwarka,4120
2023-06-17,Ambaji,3391
2023-06-17,Pavagadh,3046
2023-06-18,Somnath,6001
2023-06-18,Dwarka,3769
2023-06-18,Ambaji,3129
2023-06-18,Pavagadh,2023
2023-06-19,Somnath,4781
2023-06-19,Dwarka,2870
2023-06-19,Ambaji,2121
2023-06-19,Pavagadh,1773
2023-06-20,Somnath,5023
2023-06-20,Dwarka,3345
2023-06-20,Ambaji,2871
2023-06-20,Pavagadh,1904
2023-06-21,Somnath,5096
2023-06-21,Dwarka,2860
2023-06-21,Ambaji,2625
2023-06-21,Pavagadh,1538
2023-06-22,Somnath,4889
2023-06-22,Dwarka,3089
2023-06-22,Ambaji,2163
2023-06-22,Pavagadh,2021
2023-06-23,Somnath,4181
2023-06-23,Dwarka,2652
2023-06-23,Ambaji,2201
2023-06-23,Pavagadh,1432
2023-06-24,Somnath,7009
2023-06-24,Dwarka,4159
2023-06-24,Ambaji,3298
2023-06-24,Pavagadh,2547
2023-06-25,Somnath,6625
2023-06-25,Dwarka,4281
2023-06-25,Ambaji,3052
2023-06-25,Pavagadh,2488
2023-06-26,Somnath,4982
2023-06-26,Dwarka,2947
2023-06-26,Ambaji,2851
2023-06-26,Pavagadh,1982
2023-06-27,Somnath,4487
2023-06-27,Dwarka,2485
2023-06-27,Ambaji,2637
2023-06-27,Pavagadh,1960
2023-06-28,Somnath,5768
2023-06-28,Dwarka,3917
2023-06-28,Ambaji,2912
2023-06-28,Pavagadh,2527
2023-06-29,Somnath,5315
2023-06-29,Dwarka,3451
2023-06-29,Ambaji,2943
2023-06-29,Pavagadh,1479
2023-06-30,Somnath,4821
2023-06-30,Dwarka,3050
2023-06-30,Ambaji,2664
2023-06-30,Pavagadh,1865
2023-07-01,Somnath,3858
2023-07-01,Dwarka,2852
2023-07-01,Ambaji,1857
2023-07-01,Pavagadh,1574
2023-07-02,Somnath,4583
2023-07-02,Dwarka,2569
2023-07-02,Ambaji,2124
2023-07-02,Pavagadh,1404
2023-07-03,Somnath,2642
2023-07-03,Dwarka,1793
2023-07-03,Ambaji,1423
2023-07-03,Pavagadh,1330
2023-07-04,Somnath,2765
2023-07-04,Dwarka,1605
2023-07-04,Ambaji,1397
2023-07-04,Pavagadh,758
2023-07-05,Somnath,2505
2023-07-05,Dwarka,1611
2023-07-05,Ambaji,1278
2023-07-05,Pavagadh,1120
2023-07-06,Somnath,2496
2023-07-06,Dwarka,2229
2023-07-06,Ambaji,1526
2023-07-06,Pavagadh,1343
2023-07-07,Somnath,2978
2023-07-07,Dwarka,2029
2023-07-07,Ambaji,1639
2023-07-07,Pavagadh,1604
2023-07-08,Somnath,4372
2023-07-08,Dwarka,2604
2023-07-08,Ambaji,2351
2023-07-08,Pavagadh,1464
2023-07-09,Somnath,4099
2023-07-09,Dwarka,2574
2023-07-09,Ambaji,1967
2023-07-09,Pavagadh,1474
2023-07-10,Somnath,2649
2023-07-10,Dwarka,1881
2023-07-10,Ambaji,1792
2023-07-10,Pavagadh,1414
2023-07-11,Somnath,3512
2023-07-11,Dwarka,1983
2023-07-11,Ambaji,1669
2023-07-11,Pavagadh,1451
2023-07-12,Somnath,3004
2023-07-12,Dwarka,2347
2023-07-12,Ambaji,1853
2023-07-12,Pavagadh,1071
2023-07-13,Somnath,2578
2023-07-13,Dwarka,1752
2023-07-13,Ambaji,1170
2023-07-13,Pavagadh,1169
2023-07-14,Somnath,2769
2023-07-14,Dwarka,1690
2023-07-14,Ambaji,1435
2023-07-14,Pavagadh,1175
2023-07-15,Somnath,4061
2023-07-15,Dwarka,2738
2023-07-15,Ambaji,1584
2023-07-15,Pavagadh,1493
2023-07-16,Somnath,3404
2023-07-16,Dwarka,2271
2023-07-16,Ambaji,1719
2023-07-16,Pavagadh,1250
2023-07-17,Somnath,2485
2023-07-17,Dwarka,1530
2023-07-17,Ambaji,1067
2023-07-17,Pavagadh,957
2023-07-18,Somnath,3069
2023-07-18,Dwarka,2083
2023-07-18,Ambaji,1822
2023-07-18,Pavagadh,1548
2023-07-19,Somnath,2908
2023-07-19,Dwarka,2018
2023-07-19,Ambaji,1922
2023-07-19,Pavagadh,956
2023-07-20,Somnath,3169
2023-07-20,Dwarka,1885
2023-07-20,Ambaji,1331
2023-07-20,Pavagadh,907
2023-07-21,Somnath,3252
2023-07-21,Dwarka,1916
2023-07-21,Ambaji,1227
2023-07-21,Pavagadh,1240
2023-07-22,Somnath,4024
2023-07-22,Dwarka,2575
2023-07-22,Ambaji,2059
2023-07-22,Pavagadh,1148
2023-07-23,Somnath,4625
2023-07-23,Dwarka,2702
2023-07-23,Ambaji,2409
2023-07-23,Pavagadh,1512
2023-07-24,Somnath,2566
2023-07-24,Dwarka,1950
2023-07-24,Ambaji,1433
2023-07-24,Pavagadh,1320
2023-07-25,Somnath,2955
2023-07-25,Dwarka,1783
2023-07-25,Ambaji,1494
2023-07-25,Pavagadh,1385
2023-07-26,Somnath,2762
2023-07-26,Dwarka,1888
2023-07-26,Ambaji,897
2023-07-26,Pavagadh,1071
2023-07-27,Somnath,3187
2023-07-27,Dwarka,2324
2023-07-27,Ambaji,1766
2023-07-27,Pavagadh,1767
2023-07-28,Somnath,3084
2023-07-28,Dwarka,1622
2023-07-28,Ambaji,1364
2023-07-28,Pavagadh,794
2023-07-29,Somnath,4684
2023-07-29,Dwarka,2338
2023-07-29,Ambaji,1845
2023-07-29,Pavagadh,2071
2023-07-30,Somnath,4143
2023-07-30,Dwarka,1886
2023-07-30,Ambaji,1769
2023-07-30,Pavagadh,1055
2023-07-31,Somnath,3176
2023-07-31,Dwarka,2159
2023-07-31,Ambaji,1676
2023-07-31,Pavagadh,1180
2023-08-01,Somnath,2859
2023-08-01,Dwarka,2056
2023-08-01,Ambaji,1193
2023-08-01,Pavagadh,983
2023-08-02,Somnath,3396
2023-08-02,Dwarka,2250
2023-08-02,Ambaji,1901
2023-08-02,Pavagadh,1219
2023-08-03,Somnath,2614
2023-08-03,Dwarka,1452
2023-08-03,Ambaji,1137
2023-08-03,Pavagadh,1045
2023-08-04,Somnath,2648
2023-08-04,Dwarka,1642
2023-08-04,Ambaji,1543
2023-08-04,Pavagadh,1288
2023-08-05,Somnath,4459
2023-08-05,Dwarka,2807
2023-08-05,Ambaji,2455
2023-08-05,Pavagadh,1980
2023-08-06,Somnath,3774
2023-08-06,Dwarka,2587
2023-08-06,Ambaji,1722
2023-08-06,Pavagadh,1450
2023-08-07,Somnath,2963
2023-08-07,Dwarka,1903
2023-08-07,Ambaji,1667
2023-08-07,Pavagadh,1239
2023-08-08,Somnath,2724
2023-08-08,Dwarka,1404
2023-08-08,Ambaji,1784
2023-08-08,Pavagadh,899
2023-08-09,Somnath,3126
2023-08-09,Dwarka,1876
2023-08-09,Ambaji,1774
2023-08-09,Pavagadh,1491
2023-08-10,Somnath,6924
2023-08-10,Dwarka,3946
2023-08-10,Ambaji,3578
2023-08-10,Pavagadh,2382
2023-08-11,Somnath,7340
2023-08-11,Dwarka,4279
2023-08-11,Ambaji,3587
2023-08-11,Pavagadh,2547
2023-08-12,Somnath,10541
2023-08-12,Dwarka,6351
2023-08-12,Ambaji,4956
2023-08-12,Pavagadh,3672
2023-08-13,Somnath,10705
2023-08-13,Dwarka,6738
2023-08-13,Ambaji,5376
2023-08-13,Pavagadh,3983
2023-08-14,Somnath,5993
2023-08-14,Dwarka,3844
2023-08-14,Ambaji,3386
2023-08-14,Pavagadh,2636
2023-08-15,Somnath,6561
2023-08-15,Dwarka,4179
2023-08-15,Ambaji,3249
2023-08-15,Pavagadh,2980
2023-08-16,Somnath,7196
2023-08-16,Dwarka,4212
2023-08-16,Ambaji,3213
2023-08-16,Pavagadh,3024
2023-08-17,Somnath,7898
2023-08-17,Dwarka,4574
2023-08-17,Ambaji,3748
2023-08-17,Pavagadh,2824
2023-08-18,Somnath,6922
2023-08-18,Dwarka,3987
2023-08-18,Ambaji,3651
2023-08-18,Pavagadh,2583
2023-08-19,Somnath,11342
2023-08-19,Dwarka,7142
2023-08-19,Ambaji,5906
2023-08-19,Pavagadh,4706
2023-08-20,Somnath,10513
2023-08-20,Dwarka,6702
2023-08-20,Ambaji,5227
2023-08-20,Pavagadh,3968
2023-08-21,Somnath,3098
2023-08-21,Dwarka,2095
2023-08-21,Ambaji,1582
2023-08-21,Pavagadh,1158
2023-08-22,Somnath,2625
2023-08-22,Dwarka,1938
2023-08-22,Ambaji,1544
2023-08-22,Pavagadh,887
2023-08-23,Somnath,3259
2023-08-23,Dwarka,2000
2023-08-23,Ambaji,1539
2023-08-23,Pavagadh,789
2023-08-24,Somnath,2836
2023-08-24,Dwarka,1876
2023-08-24,Ambaji,1432
2023-08-24,Pavagadh,1059
2023-08-25,Somnath,3091
2023-08-25,Dwarka,1816
2023-08-25,Ambaji,1822
2023-08-25,Pavagadh,1312
2023-08-26,Somnath,3573
2023-08-26,Dwarka,2442
2023-08-26,Ambaji,1924
2023-08-26,Pavagadh,1434
2023-08-27,Somnath,3484
2023-08-27,Dwarka,2059
2023-08-27,Ambaji,1517
2023-08-27,Pavagadh,1239
2023-08-28,Somnath,3106
2023-08-28,Dwarka,1929
2023-08-28,Ambaji,1254
2023-08-28,Pavagadh,1190
2023-08-29,Somnath,3182
2023-08-29,Dwarka,2087
2023-08-29,Ambaji,1601
2023-08-29,Pavagadh,1060
2023-08-30,Somnath,2716
2023-08-30,Dwarka,1546
2023-08-30,Ambaji,1093
2023-08-30,Pavagadh,1337
2023-08-31,Somnath,2716
2023-08-31,Dwarka,1475
2023-08-31,Ambaji,1185
2023-08-31,Pavagadh,958
2023-09-01,Somnath,2409
2023-09-01,Dwarka,1590
2023-09-01,Ambaji,1564
2023-09-01,Pavagadh,1105
2023-09-02,Somnath,3765
2023-09-02,Dwarka,2012
2023-09-02,Ambaji,1825
2023-09-02,Pavagadh,1887
2023-09-03,Somnath,4222
2023-09-03,Dwarka,2460
2023-09-03,Ambaji,2073
2023-09-03,Pavagadh,1265
2023-09-04,Somnath,3284
2023-09-04,Dwarka,2487
2023-09-04,Ambaji,1391
2023-09-04,Pavagadh,1462
2023-09-05,Somnath,2810
2023-09-05,Dwarka,2028
2023-09-05,Ambaji,1464
2023-09-05,Pavagadh,905
2023-09-06,Somnath,3091
2023-09-06,Dwarka,1913
2023-09-06,Ambaji,1157
2023-09-06,Pavagadh,810
2023-09-07,Somnath,3047
2023-09-07,Dwarka,2128
2023-09-07,Ambaji,1543
2023-09-07,Pavagadh,1217
2023-09-08,Somnath,3257
2023-09-08,Dwarka,2177
2023-09-08,Ambaji,1222
2023-09-08,Pavagadh,1164
2023-09-09,Somnath,4198
2023-09-09,Dwarka,2606
2023-09-09,Ambaji,2000
2023-09-09,Pavagadh,1494
2023-09-10,Somnath,4562
2023-09-10,Dwarka,2835
2023-09-10,Ambaji,2140
2023-09-10,Pavagadh,1534
2023-09-11,Somnath,2592
2023-09-11,Dwarka,1681
2023-09-11,Ambaji,1143
2023-09-11,Pavagadh,1068
2023-09-12,Somnath,2901
2023-09-12,Dwarka,2055
2023-09-12,Ambaji,1502
2023-09-12,Pavagadh,1480
2023-09-13,Somnath,2405
2023-09-13,Dwarka,1599
2023-09-13,Ambaji,1296
2023-09-13,Pavagadh,1133
2023-09-14,Somnath,3074
2023-09-14,Dwarka,1966
2023-09-14,Ambaji,1685
2023-09-14,Pavagadh,1641
2023-09-15,Somnath,2675
2023-09-15,Dwarka,1827
2023-09-15,Ambaji,1237
2023-09-15,Pavagadh,1192
2023-09-16,Somnath,4181
2023-09-16,Dwarka,2475
2023-09-16,Ambaji,2181
2023-09-16,Pavagadh,1740
2023-09-17,Somnath,3869
2023-09-17,Dwarka,2798
2023-09-17,Ambaji,1843
2023-09-17,Pavagadh,1565
2023-09-18,Somnath,3118
2023-09-18,Dwarka,1422
2023-09-18,Ambaji,1225
2023-09-18,Pavagadh,1220
2023-09-19,Somnath,2954
2023-09-19,Dwarka,1826
2023-09-19,Ambaji,1757
2023-09-19,Pavagadh,1174
2023-09-20,Somnath,2698
2023-09-20,Dwarka,1860
2023-09-20,Ambaji,1422
2023-09-20,Pavagadh,1509
2023-09-21,Somnath,3171
2023-09-21,Dwarka,2330
2023-09-21,Ambaji,1943
2023-09-21,Pavagadh,1092
2023-09-22,Somnath,2821
2023-09-22,Dwarka,1626
2023-09-22,Ambaji,1107
2023-09-22,Pavagadh,1114
2023-09-23,Somnath,4429
2023-09-23,Dwarka,2846
2023-09-23,Ambaji,2080
2023-09-23,Pavagadh,1584
2023-09-24,Somnath,3780
2023-09-24,Dwarka,1805
2023-09-24,Ambaji,1958
2023-09-24,Pavagadh,1401
2023-09-25,Somnath,2330
2023-09-25,Dwarka,1863
2023-09-25,Ambaji,1131
2023-09-25,Pavagadh,746
2023-09-26,Somnath,3024
2023-09-26,Dwarka,1713
2023-09-26,Ambaji,1389
2023-09-26,Pavagadh,893
2023-09-27,Somnath,2612
2023-09-27,Dwarka,1628
2023-09-27,Ambaji,1194
2023-09-27,Pavagadh,1072
2023-09-28,Somnath,2524
2023-09-28,Dwarka,1827
2023-09-28,Ambaji,1321
2023-09-28,Pavagadh,627
2023-09-29,Somnath,2034
2023-09-29,Dwarka,1521
2023-09-29,Ambaji,1453
2023-09-29,Pavagadh,1196
2023-09-30,Somnath,4217
2023-09-30,Dwarka,3085
2023-09-30,Ambaji,2448
2023-09-30,Pavagadh,1433
2023-10-01,Somnath,6356
2023-10-01,Dwarka,3849
2023-10-01,Ambaji,2927
2023-10-01,Pavagadh,2862
2023-10-02,Somnath,4862
2023-10-02,Dwarka,2765
2023-10-02,Ambaji,2312
2023-10-02,Pavagadh,1970
2023-10-03,Somnath,4959
2023-10-03,Dwarka,3120
2023-10-03,Ambaji,2959
2023-10-03,Pavagadh,1752
2023-10-04,Somnath,5435
2023-10-04,Dwarka,3432
2023-10-04,Ambaji,2526
2023-10-04,Pavagadh,2120
2023-10-05,Somnath,5442
2023-10-05,Dwarka,3187
2023-10-05,Ambaji,2556
2023-10-05,Pavagadh,1904
2023-10-06,Somnath,4462
2023-10-06,Dwarka,2634
2023-10-06,Ambaji,2114
2023-10-06,Pavagadh,1529
2023-10-07,Somnath,7206
2023-10-07,Dwarka,4147
2023-10-07,Ambaji,3516
2023-10-07,Pavagadh,2768
2023-10-08,Somnath,7351
2023-10-08,Dwarka,4359
2023-10-08,Ambaji,3416
2023-10-08,Pavagadh,2815
2023-10-09,Somnath,4595
2023-10-09,Dwarka,2712
2023-10-09,Ambaji,2719
2023-10-09,Pavagadh,1868
2023-10-10,Somnath,5271
2023-10-10,Dwarka,3114
2023-10-10,Ambaji,2418
2023-10-10,Pavagadh,1700
2023-10-11,Somnath,5871
2023-10-11,Dwarka,3309
2023-10-11,Ambaji,2895
2023-10-11,Pavagadh,2367
2023-10-12,Somnath,4467
2023-10-12,Dwarka,2915
2023-10-12,Ambaji,2252
2023-10-12,Pavagadh,1684
2023-10-13,Somnath,4390
2023-10-13,Dwarka,3089
2023-10-13,Ambaji,2107
2023-10-13,Pavagadh,1642
2023-10-14,Somnath,6922
2023-10-14,Dwarka,4477
2023-10-14,Ambaji,3669
2023-10-14,Pavagadh,2620
2023-10-15,Somnath,7849
2023-10-15,Dwarka,4850
2023-10-15,Ambaji,3866
2023-10-15,Pavagadh,3243
2023-10-16,Somnath,4940
2023-10-16,Dwarka,2904
2023-10-16,Ambaji,2652
2023-10-16,Pavagadh,1809
2023-10-17,Somnath,4203
2023-10-17,Dwarka,3421
2023-10-17,Ambaji,2077
2023-10-17,Pavagadh,1746
2023-10-18,Somnath,4340
2023-10-18,Dwarka,2355
2023-10-18,Ambaji,2128
2023-10-18,Pavagadh,1547
2023-10-19,Somnath,5047
2023-10-19,Dwarka,2917
2023-10-19,Ambaji,2919
2023-10-19,Pavagadh,1774
2023-10-20,Somnath,13215
2023-10-20,Dwarka,8390
2023-10-20,Ambaji,6422
2023-10-20,Pavagadh,4919
2023-10-21,Somnath,19387
2023-10-21,Dwarka,12374
2023-10-21,Ambaji,9800
2023-10-21,Pavagadh,7312
2023-10-22,Somnath,21794
2023-10-22,Dwarka,14181
2023-10-22,Ambaji,10970
2023-10-22,Pavagadh,8155
2023-10-23,Somnath,12868
2023-10-23,Dwarka,7736
2023-10-23,Ambaji,6401
2023-10-23,Pavagadh,4554
2023-10-24,Somnath,12876
2023-10-24,Dwarka,8383
2023-10-24,Ambaji,6289
2023-10-24,Pavagadh,4702
2023-10-25,Somnath,14406
2023-10-25,Dwarka,8879
2023-10-25,Ambaji,7381
2023-10-25,Pavagadh,5513
2023-10-26,Somnath,13709
2023-10-26,Dwarka,8448
2023-10-26,Ambaji,6934
2023-10-26,Pavagadh,5199
2023-10-27,Somnath,11036
2023-10-27,Dwarka,7094
2023-10-27,Ambaji,5788
2023-10-27,Pavagadh,4025
2023-10-28,Somnath,20035
2023-10-28,Dwarka,12520
2023-10-28,Ambaji,9860
2023-10-28,Pavagadh,7228
2023-10-29,Somnath,20249
2023-10-29,Dwarka,12612
2023-10-29,Ambaji,9904
2023-10-29,Pavagadh,7152
2023-10-30,Somnath,14521
2023-10-30,Dwarka,9133
2023-10-30,Ambaji,7222
2023-10-30,Pavagadh,5369
2023-10-31,Somnath,13685
2023-10-31,Dwarka,8651
2023-10-31,Ambaji,6805
2023-10-31,Pavagadh,4917
2023-11-01,Somnath,5518
2023-11-01,Dwarka,3338
2023-11-01,Ambaji,2764
2023-11-01,Pavagadh,1992
2023-11-02,Somnath,4755
2023-11-02,Dwarka,3293
2023-11-02,Ambaji,2319
2023-11-02,Pavagadh,1820
2023-11-03,Somnath,4572
2023-11-03,Dwarka,3205
2023-11-03,Ambaji,2211
2023-11-03,Pavagadh,1704
2023-11-04,Somnath,6808
2023-11-04,Dwarka,4101
2023-11-04,Ambaji,3188
2023-11-04,Pavagadh,2566
2023-11-05,Somnath,6492
2023-11-05,Dwarka,4051
2023-11-05,Ambaji,3208
2023-11-05,Pavagadh,2294
2023-11-06,Somnath,5140
2023-11-06,Dwarka,2853
2023-11-06,Ambaji,2347
2023-11-06,Pavagadh,1978
2023-11-07,Somnath,4426
2023-11-07,Dwarka,2633
2023-11-07,Ambaji,2579
2023-11-07,Pavagadh,1337
2023-11-08,Somnath,5131
2023-11-08,Dwarka,2893
2023-11-08,Ambaji,2087
2023-11-08,Pavagadh,1753
2023-11-09,Somnath,5231
2023-11-09,Dwarka,2985
2023-11-09,Ambaji,2529
2023-11-09,Pavagadh,1813
2023-11-10,Somnath,4506
2023-11-10,Dwarka,2467
2023-11-10,Ambaji,2137
2023-11-10,Pavagadh,1830
2023-11-11,Somnath,6664
2023-11-11,Dwarka,4197
2023-11-11,Ambaji,3225
2023-11-11,Pavagadh,2847
2023-11-12,Somnath,7266
2023-11-12,Dwarka,4623
2023-11-12,Ambaji,3660
2023-11-12,Pavagadh,2764
2023-11-13,Somnath,5866
2023-11-13,Dwarka,3582
2023-11-13,Ambaji,2759
2023-11-13,Pavagadh,2234
2023-11-14,Somnath,4086
2023-11-14,Dwarka,2577
2023-11-14,Ambaji,2390
2023-11-14,Pavagadh,1529
2023-11-15,Somnath,4145
2023-11-15,Dwarka,2588
2023-11-15,Ambaji,1717
2023-11-15,Pavagadh,1782
2023-11-16,Somnath,5290
2023-11-16,Dwarka,3200
2023-11-16,Ambaji,2526
2023-11-16,Pavagadh,1840
2023-11-17,Somnath,5681
2023-11-17,Dwarka,3299
2023-11-17,Ambaji,2623
2023-11-17,Pavagadh,2234
2023-11-18,Somnath,7209
2023-11-18,Dwarka,4405
2023-11-18,Ambaji,3422
2023-11-18,Pavagadh,2569
2023-11-19,Somnath,5446
2023-11-19,Dwarka,3339
2023-11-19,Ambaji,2919
2023-11-19,Pavagadh,1690
2023-11-20,Somnath,5022
2023-11-20,Dwarka,3281
2023-11-20,Ambaji,2261
2023-11-20,Pavagadh,1671
2023-11-21,Somnath,4932
2023-11-21,Dwarka,3300
2023-11-21,Ambaji,2659
2023-11-21,Pavagadh,1657
2023-11-22,Somnath,5050
2023-11-22,Dwarka,3406
2023-11-22,Ambaji,2384
2023-11-22,Pavagadh,2013
2023-11-23,Somnath,4583
2023-11-23,Dwarka,3381
2023-11-23,Ambaji,2315
2023-11-23,Pavagadh,1840
2023-11-24,Somnath,4643
2023-11-24,Dwarka,3370
2023-11-24,Ambaji,2237
2023-11-24,Pavagadh,1688
2023-11-25,Somnath,7643
2023-11-25,Dwarka,4290
2023-11-25,Ambaji,3782
2023-11-25,Pavagadh,2585
2023-11-26,Somnath,6360
2023-11-26,Dwarka,3802
2023-11-26,Ambaji,2915
2023-11-26,Pavagadh,2391
2023-11-27,Somnath,4824
2023-11-27,Dwarka,2717
2023-11-27,Ambaji,2256
2023-11-27,Pavagadh,1616
2023-11-28,Somnath,5175
2023-11-28,Dwarka,3073
2023-11-28,Ambaji,2935
2023-11-28,Pavagadh,1768
2023-11-29,Somnath,5429
2023-11-29,Dwarka,3274
2023-11-29,Ambaji,2320
2023-11-29,Pavagadh,1898
2023-11-30,Somnath,4649
2023-11-30,Dwarka,2858
2023-11-30,Ambaji,2511
2023-11-30,Pavagadh,1819
2023-12-01,Somnath,4424
2023-12-01,Dwarka,2590
2023-12-01,Ambaji,1905
2023-12-01,Pavagadh,1762
2023-12-02,Somnath,6847
2023-12-02,Dwarka,3903
2023-12-02,Ambaji,2962
2023-12-02,Pavagadh,2177
2023-12-03,Somnath,6204
2023-12-03,Dwarka,4579
2023-12-03,Ambaji,3182
2023-12-03,Pavagadh,2818
2023-12-04,Somnath,5140
2023-12-04,Dwarka,3474
2023-12-04,Ambaji,2897
2023-12-04,Pavagadh,1722
2023-12-05,Somnath,5150
2023-12-05,Dwarka,2976
2023-12-05,Ambaji,2516
2023-12-05,Pavagadh,1541
2023-12-06,Somnath,4524
2023-12-06,Dwarka,2874
2023-12-06,Ambaji,2600
2023-12-06,Pavagadh,1683
2023-12-07,Somnath,4601
2023-12-07,Dwarka,2863
2023-12-07,Ambaji,2356
2023-12-07,Pavagadh,1575
2023-12-08,Somnath,4676
2023-12-08,Dwarka,3104
2023-12-08,Ambaji,2755
2023-12-08,Pavagadh,1769
2023-12-09,Somnath,6394
2023-12-09,Dwarka,3773
2023-12-09,Ambaji,2743
2023-12-09,Pavagadh,2324
2023-12-10,Somnath,6606
2023-12-10,Dwarka,3964
2023-12-10,Ambaji,3166
2023-12-10,Pavagadh,2390
2023-12-11,Somnath,5018
2023-12-11,Dwarka,3174
2023-12-11,Ambaji,2393
2023-12-11,Pavagadh,1719
2023-12-12,Somnath,4943
2023-12-12,Dwarka,3386
2023-12-12,Ambaji,2397
2023-12-12,Pavagadh,1597
2023-12-13,Somnath,4862
2023-12-13,Dwarka,3135
2023-12-13,Ambaji,2613
2023-12-13,Pavagadh,2112
2023-12-14,Somnath,4697
2023-12-14,Dwarka,2767
2023-12-14,Ambaji,2080
2023-12-14,Pavagadh,1979
2023-12-15,Somnath,4557
2023-12-15,Dwarka,2888
2023-12-15,Ambaji,2452
2023-12-15,Pavagadh,1632
2023-12-16,Somnath,6414
2023-12-16,Dwarka,4222
2023-12-16,Ambaji,3329
2023-12-16,Pavagadh,2506
2023-12-17,Somnath,6446
2023-12-17,Dwarka,4306
2023-12-17,Ambaji,3514
2023-12-17,Pavagadh,2517
2023-12-18,Somnath,5363
2023-12-18,Dwarka,3166
2023-12-18,Ambaji,2265
2023-12-18,Pavagadh,1744
2023-12-19,Somnath,4991
2023-12-19,Dwarka,3399
2023-12-19,Ambaji,2500
2023-12-19,Pavagadh,1996
2023-12-20,Somnath,4931
2023-12-20,Dwarka,3138
2023-12-20,Ambaji,2467
2023-12-20,Pavagadh,1488
2023-12-21,Somnath,4284
2023-12-21,Dwarka,2698
2023-12-21,Ambaji,2528
2023-12-21,Pavagadh,1694
2023-12-22,Somnath,5122
2023-12-22,Dwarka,2960
2023-12-22,Ambaji,2504
2023-12-22,Pavagadh,1629
2023-12-23,Somnath,6292
2023-12-23,Dwarka,4307
2023-12-23,Ambaji,3060
2023-12-23,Pavagadh,2326
2023-12-24,Somnath,7066
2023-12-24,Dwarka,4224
2023-12-24,Ambaji,3335
2023-12-24,Pavagadh,2712
2023-12-25,Somnath,4310
2023-12-25,Dwarka,2731
2023-12-25,Ambaji,2039
2023-12-25,Pavagadh,1643
2023-12-26,Somnath,4454
2023-12-26,Dwarka,2872
2023-12-26,Ambaji,2250
2023-12-26,Pavagadh,2093
2023-12-27,Somnath,3616
2023-12-27,Dwarka,2034
2023-12-27,Ambaji,1818
2023-12-27,Pavagadh,1017
2023-12-28,Somnath,4521
2023-12-28,Dwarka,3016
2023-12-28,Ambaji,2288
2023-12-28,Pavagadh,1974
2023-12-29,Somnath,4728
2023-12-29,Dwarka,2946
2023-12-29,Ambaji,2310
2023-12-29,Pavagadh,1846
2023-12-30,Somnath,7160
2023-12-30,Dwarka,4342
2023-12-30,Ambaji,3729
2023-12-30,Pavagadh,2458
2023-12-31,Somnath,6706
2023-12-31,Dwarka,4398
2023-12-31,Ambaji,3440
2023-12-31,Pavagadh,2682
2024-01-01,Somnath,4800
2024-01-01,Dwarka,2181
2024-01-01,Ambaji,2249
2024-01-01,Pavagadh,1423
2024-01-02,Somnath,4097
2024-01-02,Dwarka,2517
2024-01-02,Ambaji,1915
2024-01-02,Pavagadh,1395
2024-01-03,Somnath,4937
2024-01-03,Dwarka,2809
2024-01-03,Ambaji,2703
2024-01-03,Pavagadh,2224
2024-01-04,Somnath,5039
2024-01-04,Dwarka,3254
2024-01-04,Ambaji,2447
2024-01-04,Pavagadh,1831
2024-01-05,Somnath,4590
2024-01-05,Dwarka,2768
2024-01-05,Ambaji,2650
2024-01-05,Pavagadh,1912
2024-01-06,Somnath,5650
2024-01-06,Dwarka,3562
2024-01-06,Ambaji,2784
2024-01-06,Pavagadh,2032
2024-01-07,Somnath,6509
2024-01-07,Dwarka,4062
2024-01-07,Ambaji,3280
2024-01-07,Pavagadh,2265
2024-01-08,Somnath,4843
2024-01-08,Dwarka,2860
2024-01-08,Ambaji,2329
2024-01-08,Pavagadh,1822
2024-01-09,Somnath,4351
2024-01-09,Dwarka,2833
2024-01-09,Ambaji,2079
2024-01-09,Pavagadh,2108
2024-01-10,Somnath,5177
2024-01-10,Dwarka,2786
2024-01-10,Ambaji,2697
2024-01-10,Pavagadh,1793
2024-01-11,Somnath,5237
2024-01-11,Dwarka,3357
2024-01-11,Ambaji,2633
2024-01-11,Pavagadh,2217
2024-01-12,Somnath,4545
2024-01-12,Dwarka,2855
2024-01-12,Ambaji,2118
2024-01-12,Pavagadh,1622
2024-01-13,Somnath,7538
2024-01-13,Dwarka,4736
2024-01-13,Ambaji,3718
2024-01-13,Pavagadh,2672
2024-01-14,Somnath,7357
2024-01-14,Dwarka,4488
2024-01-14,Ambaji,3436
2024-01-14,Pavagadh,2998
2024-01-15,Somnath,4575
2024-01-15,Dwarka,2948
2024-01-15,Ambaji,1920
2024-01-15,Pavagadh,1552
2024-01-16,Somnath,5296
2024-01-16,Dwarka,3088
2024-01-16,Ambaji,2418
2024-01-16,Pavagadh,2025
2024-01-17,Somnath,4498
2024-01-17,Dwarka,3108
2024-01-17,Ambaji,2178
2024-01-17,Pavagadh,1790
2024-01-18,Somnath,5054
2024-01-18,Dwarka,3108
2024-01-18,Ambaji,2492
2024-01-18,Pavagadh,1864
2024-01-19,Somnath,5287
2024-01-19,Dwarka,3183
2024-01-19,Ambaji,2403
2024-01-19,Pavagadh,1812
2024-01-20,Somnath,6577
2024-01-20,Dwarka,4374
2024-01-20,Ambaji,3272
2024-01-20,Pavagadh,2414
2024-01-21,Somnath,6575
2024-01-21,Dwarka,4336
2024-01-21,Ambaji,3448
2024-01-21,Pavagadh,2505
2024-01-22,Somnath,5252
2024-01-22,Dwarka,3086
2024-01-22,Ambaji,2579
2024-01-22,Pavagadh,1977
2024-01-23,Somnath,5144
2024-01-23,Dwarka,3434
2024-01-23,Ambaji,2905
2024-01-23,Pavagadh,1887
2024-01-24,Somnath,4243
2024-01-24,Dwarka,2775
2024-01-24,Ambaji,2190
2024-01-24,Pavagadh,1190
2024-01-25,Somnath,5172
2024-01-25,Dwarka,3197
2024-01-25,Ambaji,2635
2024-01-25,Pavagadh,1944
2024-01-26,Somnath,4376
2024-01-26,Dwarka,3013
2024-01-26,Ambaji,2010
2024-01-26,Pavagadh,1608
2024-01-27,Somnath,6124
2024-01-27,Dwarka,3793
2024-01-27,Ambaji,3675
2024-01-27,Pavagadh,2257
2024-01-28,Somnath,6149
2024-01-28,Dwarka,3955
2024-01-28,Ambaji,2890
2024-01-28,Pavagadh,2036
2024-01-29,Somnath,4084
2024-01-29,Dwarka,2866
2024-01-29,Ambaji,2166
2024-01-29,Pavagadh,2098
2024-01-30,Somnath,4374
2024-01-30,Dwarka,2678
2024-01-30,Ambaji,2539
2024-01-30,Pavagadh,1477
2024-01-31,Somnath,4689
2024-01-31,Dwarka,3021
2024-01-31,Ambaji,2499
2024-01-31,Pavagadh,1608
2024-02-01,Somnath,4448
2024-02-01,Dwarka,2974
2024-02-01,Ambaji,2202
2024-02-01,Pavagadh,1505
2024-02-02,Somnath,5329
2024-02-02,Dwarka,3416
2024-02-02,Ambaji,2663
2024-02-02,Pavagadh,2336
2024-02-03,Somnath,7750
2024-02-03,Dwarka,4785
2024-02-03,Ambaji,3932
2024-02-03,Pavagadh,2864
2024-02-04,Somnath,6375
2024-02-04,Dwarka,3954
2024-02-04,Ambaji,3592
2024-02-04,Pavagadh,2493
2024-02-05,Somnath,4585
2024-02-05,Dwarka,3147
2024-02-05,Ambaji,2835
2024-02-05,Pavagadh,1673
2024-02-06,Somnath,4956
2024-02-06,Dwarka,3472
2024-02-06,Ambaji,2419
2024-02-06,Pavagadh,1734
2024-02-07,Somnath,4820
2024-02-07,Dwarka,2951
2024-02-07,Ambaji,2094
2024-02-07,Pavagadh,1834
2024-02-08,Somnath,5400
2024-02-08,Dwarka,3066
2024-02-08,Ambaji,3137
2024-02-08,Pavagadh,2391
2024-02-09,Somnath,4044
2024-02-09,Dwarka,2670
2024-02-09,Ambaji,2141
2024-02-09,Pavagadh,1871
2024-02-10,Somnath,6930
2024-02-10,Dwarka,4418
2024-02-10,Ambaji,3842
2024-02-10,Pavagadh,2686
2024-02-11,Somnath,7399
2024-02-11,Dwarka,4896
2024-02-11,Ambaji,3595
2024-02-11,Pavagadh,2586
2024-02-12,Somnath,4427
2024-02-12,Dwarka,2641
2024-02-12,Ambaji,2126
2024-02-12,Pavagadh,1587
2024-02-13,Somnath,5493
2024-02-13,Dwarka,3278
2024-02-13,Ambaji,2504
2024-02-13,Pavagadh,1951
2024-02-14,Somnath,5183
2024-02-14,Dwarka,2995
2024-02-14,Ambaji,2422
2024-02-14,Pavagadh,2150
2024-02-15,Somnath,4886
2024-02-15,Dwarka,2749
2024-02-15,Ambaji,2506
2024-02-15,Pavagadh,1983
2024-02-16,Somnath,5144
2024-02-16,Dwarka,3365
2024-02-16,Ambaji,2400
2024-02-16,Pavagadh,1889
2024-02-17,Somnath,7812
2024-02-17,Dwarka,4218
2024-02-17,Ambaji,4006
2024-02-17,Pavagadh,2940
2024-02-18,Somnath,6581
2024-02-18,Dwarka,4316
2024-02-18,Ambaji,3321
2024-02-18,Pavagadh,2480
2024-02-19,Somnath,4864
2024-02-19,Dwarka,2714
2024-02-19,Ambaji,2327
2024-02-19,Pavagadh,1775
2024-02-20,Somnath,4882
2024-02-20,Dwarka,2498
2024-02-20,Ambaji,2251
2024-02-20,Pavagadh,1654
2024-02-21,Somnath,5318
2024-02-21,Dwarka,3111
2024-02-21,Ambaji,2349
2024-02-21,Pavagadh,1925
2024-02-22,Somnath,5050
2024-02-22,Dwarka,2586
2024-02-22,Ambaji,2370
2024-02-22,Pavagadh,1681
2024-02-23,Somnath,5311
2024-02-23,Dwarka,3243
2024-02-23,Ambaji,2552
2024-02-23,Pavagadh,2005
2024-02-24,Somnath,6524
2024-02-24,Dwarka,4187
2024-02-24,Ambaji,3052
2024-02-24,Pavagadh,2233
2024-02-25,Somnath,7332
2024-02-25,Dwarka,4576
2024-02-25,Ambaji,3689
2024-02-25,Pavagadh,2909
2024-02-26,Somnath,4733
2024-02-26,Dwarka,2926
2024-02-26,Ambaji,2506
2024-02-26,Pavagadh,1692
2024-02-27,Somnath,4117
2024-02-27,Dwarka,2504
2024-02-27,Ambaji,2101
2024-02-27,Pavagadh,1700
2024-02-28,Somnath,4486
2024-02-28,Dwarka,2938
2024-02-28,Ambaji,2312
2024-02-28,Pavagadh,1591
2024-02-29,Somnath,4207
2024-02-29,Dwarka,2800
2024-02-29,Ambaji,2436
2024-02-29,Pavagadh,1431
2024-03-01,Somnath,5035
2024-03-01,Dwarka,3619
2024-03-01,Ambaji,2840
2024-03-01,Pavagadh,1659
2024-03-02,Somnath,5623
2024-03-02,Dwarka,3741
2024-03-02,Ambaji,3132
2024-03-02,Pavagadh,2297
2024-03-03,Somnath,6425
2024-03-03,Dwarka,3947
2024-03-03,Ambaji,3216
2024-03-03,Pavagadh,2595
2024-03-04,Somnath,4816
2024-03-04,Dwarka,3011
2024-03-04,Ambaji,2360
2024-03-04,Pavagadh,1589
2024-03-05,Somnath,4725
2024-03-05,Dwarka,3044
2024-03-05,Ambaji,2313
2024-03-05,Pavagadh,1567
2024-03-06,Somnath,4027
2024-03-06,Dwarka,3001
2024-03-06,Ambaji,1960
2024-03-06,Pavagadh,1586
2024-03-07,Somnath,4126
2024-03-07,Dwarka,2673
2024-03-07,Ambaji,2315
2024-03-07,Pavagadh,1510
2024-03-08,Somnath,5202
2024-03-08,Dwarka,2948
2024-03-08,Ambaji,2017
2024-03-08,Pavagadh,2022
2024-03-09,Somnath,7366
2024-03-09,Dwarka,4448
2024-03-09,Ambaji,3915
2024-03-09,Pavagadh,2586
2024-03-10,Somnath,8172
2024-03-10,Dwarka,5267
2024-03-10,Ambaji,4308
2024-03-10,Pavagadh,3090
2024-03-11,Somnath,5029
2024-03-11,Dwarka,2892
2024-03-11,Ambaji,2473
2024-03-11,Pavagadh,1766
2024-03-12,Somnath,4685
2024-03-12,Dwarka,2636
2024-03-12,Ambaji,2701
2024-03-12,Pavagadh,1596
2024-03-13,Somnath,4740
2024-03-13,Dwarka,3063
2024-03-13,Ambaji,2095
2024-03-13,Pavagadh,2244
2024-03-14,Somnath,5119
2024-03-14,Dwarka,3007
2024-03-14,Ambaji,2134
2024-03-14,Pavagadh,1881
2024-03-15,Somnath,4955
2024-03-15,Dwarka,3122
2024-03-15,Ambaji,2330
2024-03-15,Pavagadh,1880
2024-03-16,Somnath,7040
2024-03-16,Dwarka,4480
2024-03-16,Ambaji,3920
2024-03-16,Pavagadh,2548
2024-03-17,Somnath,6659
2024-03-17,Dwarka,4636
2024-03-17,Ambaji,3584
2024-03-17,Pavagadh,2445
2024-03-18,Somnath,4677
2024-03-18,Dwarka,3000
2024-03-18,Ambaji,2395
2024-03-18,Pavagadh,1560
2024-03-19,Somnath,5369
2024-03-19,Dwarka,3301
2024-03-19,Ambaji,2839
2024-03-19,Pavagadh,2108
2024-03-20,Somnath,4982
2024-03-20,Dwarka,2995
2024-03-20,Ambaji,2777
2024-03-20,Pavagadh,1980
2024-03-21,Somnath,4716
2024-03-21,Dwarka,2967
2024-03-21,Ambaji,2064
2024-03-21,Pavagadh,1703
2024-03-22,Somnath,4070
2024-03-22,Dwarka,2570
2024-03-22,Ambaji,2441
2024-03-22,Pavagadh,1497
2024-03-23,Somnath,6501
2024-03-23,Dwarka,3820
2024-03-23,Ambaji,3174
2024-03-23,Pavagadh,2719
2024-03-24,Somnath,6649
2024-03-24,Dwarka,4021
2024-03-24,Ambaji,3111
2024-03-24,Pavagadh,2777
2024-03-25,Somnath,4714
2024-03-25,Dwarka,2749
2024-03-25,Ambaji,2323
2024-03-25,Pavagadh,1883
2024-03-26,Somnath,4625
2024-03-26,Dwarka,2963
2024-03-26,Ambaji,2502
2024-03-26,Pavagadh,1800
2024-03-27,Somnath,4561
2024-03-27,Dwarka,2731
2024-03-27,Ambaji,1976
2024-03-27,Pavagadh,1749
2024-03-28,Somnath,4213
2024-03-28,Dwarka,2198
2024-03-28,Ambaji,2195
2024-03-28,Pavagadh,1459
2024-03-29,Somnath,4981
2024-03-29,Dwarka,2944
2024-03-29,Ambaji,2486
2024-03-29,Pavagadh,2179
2024-03-30,Somnath,6667
2024-03-30,Dwarka,3984
2024-03-30,Ambaji,3215
2024-03-30,Pavagadh,2738
2024-03-31,Somnath,7013
2024-03-31,Dwarka,4566
2024-03-31,Ambaji,3318
2024-03-31,Pavagadh,2448
2024-04-01,Somnath,4638
2024-04-01,Dwarka,2906
2024-04-01,Ambaji,2383
2024-04-01,Pavagadh,1717
2024-04-02,Somnath,4693
2024-04-02,Dwarka,2808
2024-04-02,Ambaji,2146
2024-04-02,Pavagadh,1713
2024-04-03,Somnath,4450
2024-04-03,Dwarka,3127
2024-04-03,Ambaji,2118
2024-04-03,Pavagadh,1684
2024-04-04,Somnath,4379
2024-04-04,Dwarka,2875
2024-04-04,Ambaji,2475
2024-04-04,Pavagadh,1585
2024-04-05,Somnath,5265
2024-04-05,Dwarka,3106
2024-04-05,Ambaji,2600
2024-04-05,Pavagadh,2016
2024-04-06,Somnath,6427
2024-04-06,Dwarka,3969
2024-04-06,Ambaji,3437
2024-04-06,Pavagadh,2682
2024-04-07,Somnath,6650
2024-04-07,Dwarka,4666
2024-04-07,Ambaji,3207
2024-04-07,Pavagadh,2539
2024-04-08,Somnath,4522
2024-04-08,Dwarka,2972
2024-04-08,Ambaji,2977
2024-04-08,Pavagadh,1727
2024-04-09,Somnath,4836
2024-04-09,Dwarka,3142
2024-04-09,Ambaji,2257
2024-04-09,Pavagadh,1793
2024-04-10,Somnath,5341
2024-04-10,Dwarka,3154
2024-04-10,Ambaji,2759
2024-04-10,Pavagadh,1894
2024-04-11,Somnath,5370
2024-04-11,Dwarka,3170
2024-04-11,Ambaji,2502
2024-04-11,Pavagadh,1521
2024-04-12,Somnath,5269
2024-04-12,Dwarka,3545
2024-04-12,Ambaji,2762
2024-04-12,Pavagadh,2097
2024-04-13,Somnath,6182
2024-04-13,Dwarka,3546
2024-04-13,Ambaji,3036
2024-04-13,Pavagadh,2294
2024-04-14,Somnath,6470
2024-04-14,Dwarka,3880
2024-04-14,Ambaji,3143
2024-04-14,Pavagadh,2321
2024-04-15,Somnath,4549
2024-04-15,Dwarka,3020
2024-04-15,Ambaji,2385
2024-04-15,Pavagadh,1620
2024-04-16,Somnath,4078
2024-04-16,Dwarka,2815
2024-04-16,Ambaji,2595
2024-04-16,Pavagadh,1661
2024-04-17,Somnath,4812
2024-04-17,Dwarka,2717
2024-04-17,Ambaji,2595
2024-04-17,Pavagadh,1775
2024-04-18,Somnath,3896
2024-04-18,Dwarka,2265
2024-04-18,Ambaji,1682
2024-04-18,Pavagadh,1506
2024-04-19,Somnath,4806
2024-04-19,Dwarka,3093
2024-04-19,Ambaji,2364
2024-04-19,Pavagadh,1659
2024-04-20,Somnath,6768
2024-04-20,Dwarka,3987
2024-04-20,Ambaji,3251
2024-04-20,Pavagadh,2551
2024-04-21,Somnath,6970
2024-04-21,Dwarka,4428
2024-04-21,Ambaji,3746
2024-04-21,Pavagadh,2405
2024-04-22,Somnath,5045
2024-04-22,Dwarka,3244
2024-04-22,Ambaji,3032
2024-04-22,Pavagadh,2243
2024-04-23,Somnath,5948
2024-04-23,Dwarka,3566
2024-04-23,Ambaji,3087
2024-04-23,Pavagadh,2135
2024-04-24,Somnath,4653
2024-04-24,Dwarka,3191
2024-04-24,Ambaji,2300
2024-04-24,Pavagadh,1762
2024-04-25,Somnath,4707
2024-04-25,Dwarka,3341
2024-04-25,Ambaji,2406
2024-04-25,Pavagadh,1679
2024-04-26,Somnath,4500
2024-04-26,Dwarka,3225
2024-04-26,Ambaji,2150
2024-04-26,Pavagadh,1483
2024-04-27,Somnath,7312
2024-04-27,Dwarka,4783
2024-04-27,Ambaji,3452
2024-04-27,Pavagadh,2645
2024-04-28,Somnath,7128
2024-04-28,Dwarka,3924
2024-04-28,Ambaji,3175
2024-04-28,Pavagadh,2684
2024-04-29,Somnath,4363
2024-04-29,Dwarka,2708
2024-04-29,Ambaji,2329
2024-04-29,Pavagadh,1557
2024-04-30,Somnath,4704
2024-04-30,Dwarka,3058
2024-04-30,Ambaji,2392
2024-04-30,Pavagadh,1870
2024-05-01,Somnath,4695
2024-05-01,Dwarka,2927
2024-05-01,Ambaji,2302
2024-05-01,Pavagadh,1796
2024-05-02,Somnath,5270
2024-05-02,Dwarka,3252
2024-05-02,Ambaji,2300
2024-05-02,Pavagadh,1972
2024-05-03,Somnath,4586
2024-05-03,Dwarka,2476
2024-05-03,Ambaji,2090
2024-05-03,Pavagadh,1623
2024-05-04,Somnath,6001
2024-05-04,Dwarka,3632
2024-05-04,Ambaji,2603
2024-05-04,Pavagadh,2219
2024-05-05,Somnath,6015
2024-05-05,Dwarka,3629
2024-05-05,Ambaji,3115
2024-05-05,Pavagadh,2403
2024-05-06,Somnath,5509
2024-05-06,Dwarka,3077
2024-05-06,Ambaji,2912
2024-05-06,Pavagadh,1859
2024-05-07,Somnath,4727
2024-05-07,Dwarka,3050
2024-05-07,Ambaji,2269
2024-05-07,Pavagadh,2123
2024-05-08,Somnath,5312
2024-05-08,Dwarka,3227
2024-05-08,Ambaji,2501
2024-05-08,Pavagadh,1840
2024-05-09,Somnath,5104
2024-05-09,Dwarka,3196
2024-05-09,Ambaji,2892
2024-05-09,Pavagadh,2001
2024-05-10,Somnath,4940
2024-05-10,Dwarka,2936
2024-05-10,Ambaji,2396
2024-05-10,Pavagadh,1455
2024-05-11,Somnath,6355
2024-05-11,Dwarka,3731
2024-05-11,Ambaji,3256
2024-05-11,Pavagadh,2411
2024-05-12,Somnath,7556
2024-05-12,Dwarka,4925
2024-05-12,Ambaji,3781
2024-05-12,Pavagadh,2782
2024-05-13,Somnath,5392
2024-05-13,Dwarka,3318
2024-05-13,Ambaji,2580
2024-05-13,Pavagadh,1850
2024-05-14,Somnath,3761
2024-05-14,Dwarka,2190
2024-05-14,Ambaji,1992
2024-05-14,Pavagadh,1072
2024-05-15,Somnath,5048
2024-05-15,Dwarka,2905
2024-05-15,Ambaji,2511
2024-05-15,Pavagadh,2010
2024-05-16,Somnath,4794
2024-05-16,Dwarka,2923
2024-05-16,Ambaji,2592
2024-05-16,Pavagadh,2037
2024-05-17,Somnath,5112
2024-05-17,Dwarka,3189
2024-05-17,Ambaji,2766
2024-05-17,Pavagadh,1847
2024-05-18,Somnath,5538
2024-05-18,Dwarka,3438
2024-05-18,Ambaji,2639
2024-05-18,Pavagadh,1962
2024-05-19,Somnath,7496
2024-05-19,Dwarka,4469
2024-05-19,Ambaji,3426
2024-05-19,Pavagadh,2569
2024-05-20,Somnath,3888
2024-05-20,Dwarka,2449
2024-05-20,Ambaji,1784
2024-05-20,Pavagadh,1408
2024-05-21,Somnath,4462
2024-05-21,Dwarka,3001
2024-05-21,Ambaji,2369
2024-05-21,Pavagadh,1904
2024-05-22,Somnath,5532
2024-05-22,Dwarka,3334
2024-05-22,Ambaji,2851
2024-05-22,Pavagadh,2004
2024-05-23,Somnath,5190
2024-05-23,Dwarka,3291
2024-05-23,Ambaji,2550
2024-05-23,Pavagadh,1711
2024-05-24,Somnath,4642
2024-05-24,Dwarka,2744
2024-05-24,Ambaji,2111
2024-05-24,Pavagadh,1574
2024-05-25,Somnath,6396
2024-05-25,Dwarka,4077
2024-05-25,Ambaji,3539
2024-05-25,Pavagadh,2524
2024-05-26,Somnath,7418
2024-05-26,Dwarka,4810
2024-05-26,Ambaji,3864
2024-05-26,Pavagadh,3110
2024-05-27,Somnath,5054
2024-05-27,Dwarka,2948
2024-05-27,Ambaji,2599
2024-05-27,Pavagadh,1944
2024-05-28,Somnath,4795
2024-05-28,Dwarka,2480
2024-05-28,Ambaji,2512
2024-05-28,Pavagadh,2129
2024-05-29,Somnath,5134
2024-05-29,Dwarka,3185
2024-05-29,Ambaji,2674
2024-05-29,Pavagadh,1921
2024-05-30,Somnath,4483
2024-05-30,Dwarka,2705
2024-05-30,Ambaji,2737
2024-05-30,Pavagadh,1774
2024-05-31,Somnath,4671
2024-05-31,Dwarka,3006
2024-05-31,Ambaji,2540
2024-05-31,Pavagadh,1961
2024-06-01,Somnath,6724
2024-06-01,Dwarka,4009
2024-06-01,Ambaji,3575
2024-06-01,Pavagadh,2405
2024-06-02,Somnath,6879
2024-06-02,Dwarka,3948
2024-06-02,Ambaji,3012
2024-06-02,Pavagadh,2425
2024-06-03,Somnath,4795
2024-06-03,Dwarka,3044
2024-06-03,Ambaji,2297
2024-06-03,Pavagadh,1840
2024-06-04,Somnath,4208
2024-06-04,Dwarka,2841
2024-06-04,Ambaji,2121
2024-06-04,Pavagadh,1242
2024-06-05,Somnath,5824
2024-06-05,Dwarka,3760
2024-06-05,Ambaji,2589
2024-06-05,Pavagadh,2148
2024-06-06,Somnath,4584
2024-06-06,Dwarka,3054
2024-06-06,Ambaji,2240
2024-06-06,Pavagadh,2049
2024-06-07,Somnath,4565
2024-06-07,Dwarka,2908
2024-06-07,Ambaji,2152
2024-06-07,Pavagadh,1613
2024-06-08,Somnath,6862
2024-06-08,Dwarka,4286
2024-06-08,Ambaji,3166
2024-06-08,Pavagadh,2618
2024-06-09,Somnath,6470
2024-06-09,Dwarka,4044
2024-06-09,Ambaji,3105
2024-06-09,Pavagadh,2207
2024-06-10,Somnath,4666
2024-06-10,Dwarka,2569
2024-06-10,Ambaji,2140
2024-06-10,Pavagadh,1557
2024-06-11,Somnath,5178
2024-06-11,Dwarka,3314
2024-06-11,Ambaji,1732
2024-06-11,Pavagadh,1484
2024-06-12,Somnath,4831
2024-06-12,Dwarka,2540
2024-06-12,Ambaji,2755
2024-06-12,Pavagadh,1801
2024-06-13,Somnath,5073
2024-06-13,Dwarka,3282
2024-06-13,Ambaji,2582
2024-06-13,Pavagadh,1801
2024-06-14,Somnath,4716
2024-06-14,Dwarka,3225
2024-06-14,Ambaji,2335
2024-06-14,Pavagadh,1862
2024-06-15,Somnath,7104
2024-06-15,Dwarka,4356
2024-06-15,Ambaji,3394
2024-06-15,Pavagadh,2763
2024-06-16,Somnath,6835
2024-06-16,Dwarka,4521
2024-06-16,Ambaji,3133
2024-06-16,Pavagadh,2486
2024-06-17,Somnath,5906
2024-06-17,Dwarka,4106
2024-06-17,Ambaji,3112
2024-06-17,Pavagadh,2251
2024-06-18,Somnath,4974
2024-06-18,Dwarka,3110
2024-06-18,Ambaji,2541
2024-06-18,Pavagadh,1570
2024-06-19,Somnath,4262
2024-06-19,Dwarka,3047
2024-06-19,Ambaji,2428
2024-06-19,Pavagadh,1705
2024-06-20,Somnath,4376
2024-06-20,Dwarka,3059
2024-06-20,Ambaji,2420
2024-06-20,Pavagadh,1391
2024-06-21,Somnath,4404
2024-06-21,Dwarka,2854
2024-06-21,Ambaji,2314
2024-06-21,Pavagadh,1616
2024-06-22,Somnath,7233
2024-06-22,Dwarka,4178
2024-06-22,Ambaji,3390
2024-06-22,Pavagadh,3172
2024-06-23,Somnath,6812
2024-06-23,Dwarka,4576
2024-06-23,Ambaji,3608
2024-06-23,Pavagadh,2510
2024-06-24,Somnath,5794
2024-06-24,Dwarka,3561
2024-06-24,Ambaji,3002
2024-06-24,Pavagadh,1860
2024-06-25,Somnath,5105
2024-06-25,Dwarka,2814
2024-06-25,Ambaji,2335
2024-06-25,Pavagadh,1660
2024-06-26,Somnath,4788
2024-06-26,Dwarka,2753
2024-06-26,Ambaji,2458
2024-06-26,Pavagadh,1904
2024-06-27,Somnath,4032
2024-06-27,Dwarka,2566
2024-06-27,Ambaji,1879
2024-06-27,Pavagadh,1554
2024-06-28,Somnath,4498
2024-06-28,Dwarka,2626
2024-06-28,Ambaji,2490
2024-06-28,Pavagadh,1707
2024-06-29,Somnath,7116
2024-06-29,Dwarka,4420
2024-06-29,Ambaji,3638
2024-06-29,Pavagadh,2350
2024-06-30,Somnath,7503
2024-06-30,Dwarka,4517
2024-06-30,Ambaji,3654
2024-06-30,Pavagadh,2399
2024-07-01,Somnath,3239
2024-07-01,Dwarka,2088
2024-07-01,Ambaji,1346
2024-07-01,Pavagadh,912
2024-07-02,Somnath,3213
2024-07-02,Dwarka,1895
2024-07-02,Ambaji,1653
2024-07-02,Pavagadh,1014
2024-07-03,Somnath,2920
2024-07-03,Dwarka,1793
2024-07-03,Ambaji,1487
2024-07-03,Pavagadh,952
2024-07-04,Somnath,2921
2024-07-04,Dwarka,1551
2024-07-04,Ambaji,1473
2024-07-04,Pavagadh,771
2024-07-05,Somnath,3377
2024-07-05,Dwarka,1991
2024-07-05,Ambaji,1477
2024-07-05,Pavagadh,1398
2024-07-06,Somnath,4547
2024-07-06,Dwarka,2947
2024-07-06,Ambaji,2230
2024-07-06,Pavagadh,1867
2024-07-07,Somnath,4225
2024-07-07,Dwarka,2397
2024-07-07,Ambaji,2535
2024-07-07,Pavagadh,1771
2024-07-08,Somnath,3091
2024-07-08,Dwarka,1937
2024-07-08,Ambaji,1404
2024-07-08,Pavagadh,1204
2024-07-09,Somnath,3291
2024-07-09,Dwarka,2084
2024-07-09,Ambaji,1751
2024-07-09,Pavagadh,1242
2024-07-10,Somnath,3224
2024-07-10,Dwarka,1856
2024-07-10,Ambaji,1510
2024-07-10,Pavagadh,1044
2024-07-11,Somnath,3052
2024-07-11,Dwarka,1875
2024-07-11,Ambaji,1732
2024-07-11,Pavagadh,1150
2024-07-12,Somnath,3589
2024-07-12,Dwarka,1699
2024-07-12,Ambaji,1630
2024-07-12,Pavagadh,1291
2024-07-13,Somnath,4113
2024-07-13,Dwarka,2820
2024-07-13,Ambaji,2073
2024-07-13,Pavagadh,1393
2024-07-14,Somnath,3758
2024-07-14,Dwarka,2335
2024-07-14,Ambaji,1858
2024-07-14,Pavagadh,1575
2024-07-15,Somnath,3070
2024-07-15,Dwarka,1579
2024-07-15,Ambaji,1747
2024-07-15,Pavagadh,1110
2024-07-16,Somnath,2631
2024-07-16,Dwarka,1593
2024-07-16,Ambaji,1573
2024-07-16,Pavagadh,1048
2024-07-17,Somnath,2640
2024-07-17,Dwarka,1783
2024-07-17,Ambaji,1867
2024-07-17,Pavagadh,1127
2024-07-18,Somnath,3152
2024-07-18,Dwarka,2045
2024-07-18,Ambaji,1715
2024-07-18,Pavagadh,1150
2024-07-19,Somnath,3225
2024-07-19,Dwarka,2027
2024-07-19,Ambaji,1849
2024-07-19,Pavagadh,1258
2024-07-20,Somnath,3852
2024-07-20,Dwarka,2702
2024-07-20,Ambaji,2204
2024-07-20,Pavagadh,1627
2024-07-21,Somnath,4435
2024-07-21,Dwarka,2546
2024-07-21,Ambaji,2119
2024-07-21,Pavagadh,1567
2024-07-22,Somnath,2387
2024-07-22,Dwarka,1640
2024-07-22,Ambaji,1012
2024-07-22,Pavagadh,1147
2024-07-23,Somnath,2928
2024-07-23,Dwarka,2135
2024-07-23,Ambaji,1515
2024-07-23,Pavagadh,910
2024-07-24,Somnath,2428
2024-07-24,Dwarka,1609
2024-07-24,Ambaji,810
2024-07-24,Pavagadh,1130
2024-07-25,Somnath,2661
2024-07-25,Dwarka,1741
2024-07-25,Ambaji,1311
2024-07-25,Pavagadh,1110
2024-07-26,Somnath,3317
2024-07-26,Dwarka,1745
2024-07-26,Ambaji,1640
2024-07-26,Pavagadh,947
2024-07-27,Somnath,3476
2024-07-27,Dwarka,2328
2024-07-27,Ambaji,1680
2024-07-27,Pavagadh,1254
2024-07-28,Somnath,3886
2024-07-28,Dwarka,2619
2024-07-28,Ambaji,1821
2024-07-28,Pavagadh,1429
2024-07-29,Somnath,2878
2024-07-29,Dwarka,1651
2024-07-29,Ambaji,1179
2024-07-29,Pavagadh,942
2024-07-30,Somnath,3190
2024-07-30,Dwarka,2015
2024-07-30,Ambaji,1630
2024-07-30,Pavagadh,1211
2024-07-31,Somnath,2804
2024-07-31,Dwarka,2018
2024-07-31,Ambaji,1583
2024-07-31,Pavagadh,772
2024-08-01,Somnath,2830
2024-08-01,Dwarka,1797
2024-08-01,Ambaji,1334
2024-08-01,Pavagadh,686
2024-08-02,Somnath,2549
2024-08-02,Dwarka,1672
2024-08-02,Ambaji,1076
2024-08-02,Pavagadh,1370
2024-08-03,Somnath,3196
2024-08-03,Dwarka,2146
2024-08-03,Ambaji,1882
2024-08-03,Pavagadh,1060
2024-08-04,Somnath,4624
2024-08-04,Dwarka,2530
2024-08-04,Ambaji,2034
2024-08-04,Pavagadh,1507
2024-08-05,Somnath,2776
2024-08-05,Dwarka,1821
2024-08-05,Ambaji,1413
2024-08-05,Pavagadh,1057
2024-08-06,Somnath,2692
2024-08-06,Dwarka,1781
2024-08-06,Ambaji,1527
2024-08-06,Pavagadh,1142
2024-08-07,Somnath,2818
2024-08-07,Dwarka,1741
2024-08-07,Ambaji,1264
2024-08-07,Pavagadh,1122
2024-08-08,Somnath,2321
2024-08-08,Dwarka,1690
2024-08-08,Ambaji,1568
2024-08-08,Pavagadh,868
2024-08-09,Somnath,2646
2024-08-09,Dwarka,2255
2024-08-09,Ambaji,1782
2024-08-09,Pavagadh,1044
2024-08-10,Somnath,8911
2024-08-10,Dwarka,5607
2024-08-10,Ambaji,4428
2024-08-10,Pavagadh,3369
2024-08-11,Somnath,9366
2024-08-11,Dwarka,5947
2024-08-11,Ambaji,4661
2024-08-11,Pavagadh,3546
2024-08-12,Somnath,8379
2024-08-12,Dwarka,5426
2024-08-12,Ambaji,4418
2024-08-12,Pavagadh,3158
2024-08-13,Somnath,7079
2024-08-13,Dwarka,4654
2024-08-13,Ambaji,3740
2024-08-13,Pavagadh,2774
2024-08-14,Somnath,7236
2024-08-14,Dwarka,4187
2024-08-14,Ambaji,3223
2024-08-14,Pavagadh,2648
2024-08-15,Somnath,6957
2024-08-15,Dwarka,4054
2024-08-15,Ambaji,3212
2024-08-15,Pavagadh,2147
2024-08-16,Somnath,7209
2024-08-16,Dwarka,4586
2024-08-16,Ambaji,3658
2024-08-16,Pavagadh,2811
2024-08-17,Somnath,9949
2024-08-17,Dwarka,6121
2024-08-17,Ambaji,5113
2024-08-17,Pavagadh,3595
2024-08-18,Somnath,11295
2024-08-18,Dwarka,7258
2024-08-18,Ambaji,5851
2024-08-18,Pavagadh,4266
2024-08-19,Somnath,6629
2024-08-19,Dwarka,4468
2024-08-19,Ambaji,3462
2024-08-19,Pavagadh,2191
2024-08-20,Somnath,7354
2024-08-20,Dwarka,4527
2024-08-20,Ambaji,3825
2024-08-20,Pavagadh,2551
2024-08-21,Somnath,2771
2024-08-21,Dwarka,1636
2024-08-21,Ambaji,1622
2024-08-21,Pavagadh,1093
2024-08-22,Somnath,2873
2024-08-22,Dwarka,1683
2024-08-22,Ambaji,1506
2024-08-22,Pavagadh,876
2024-08-23,Somnath,2292
2024-08-23,Dwarka,1521
2024-08-23,Ambaji,950
2024-08-23,Pavagadh,540
2024-08-24,Somnath,4087
2024-08-24,Dwarka,2845
2024-08-24,Ambaji,2266
2024-08-24,Pavagadh,1541
2024-08-25,Somnath,3674
2024-08-25,Dwarka,1991
2024-08-25,Ambaji,1828
2024-08-25,Pavagadh,1133
2024-08-26,Somnath,3116
2024-08-26,Dwarka,1695
2024-08-26,Ambaji,1360
2024-08-26,Pavagadh,962
2024-08-27,Somnath,2733
2024-08-27,Dwarka,2149
2024-08-27,Ambaji,1548
2024-08-27,Pavagadh,1153
2024-08-28,Somnath,2932
2024-08-28,Dwarka,1507
2024-08-28,Ambaji,1480
2024-08-28,Pavagadh,1031
2024-08-29,Somnath,3104
2024-08-29,Dwarka,1984
2024-08-29,Ambaji,1603
2024-08-29,Pavagadh,1198
2024-08-30,Somnath,2818
2024-08-30,Dwarka,1785
2024-08-30,Ambaji,1921
2024-08-30,Pavagadh,830
2024-08-31,Somnath,3999
2024-08-31,Dwarka,2493
2024-08-31,Ambaji,1739
2024-08-31,Pavagadh,1367
2024-09-01,Somnath,5024
2024-09-01,Dwarka,2933
2024-09-01,Ambaji,2297
2024-09-01,Pavagadh,1679
2024-09-02,Somnath,2869
2024-09-02,Dwarka,1746
2024-09-02,Ambaji,1348
2024-09-02,Pavagadh,1183
2024-09-03,Somnath,2877
2024-09-03,Dwarka,2048
2024-09-03,Ambaji,1279
2024-09-03,Pavagadh,960
2024-09-04,Somnath,3069
2024-09-04,Dwarka,1952
2024-09-04,Ambaji,1523
2024-09-04,Pavagadh,1068
2024-09-05,Somnath,2778
2024-09-05,Dwarka,1524
2024-09-05,Ambaji,1179
2024-09-05,Pavagadh,1087
2024-09-06,Somnath,2834
2024-09-06,Dwarka,1421
2024-09-06,Ambaji,1716
2024-09-06,Pavagadh,1226
2024-09-07,Somnath,3774
2024-09-07,Dwarka,2558
2024-09-07,Ambaji,1973
2024-09-07,Pavagadh,1494
2024-09-08,Somnath,4023
2024-09-08,Dwarka,2908
2024-09-08,Ambaji,2731
2024-09-08,Pavagadh,1632
2024-09-09,Somnath,2095
2024-09-09,Dwarka,1482
2024-09-09,Ambaji,1060
2024-09-09,Pavagadh,849
2024-09-10,Somnath,3499
2024-09-10,Dwarka,2199
2024-09-10,Ambaji,1752
2024-09-10,Pavagadh,1305
2024-09-11,Somnath,2277
2024-09-11,Dwarka,1282
2024-09-11,Ambaji,1320
2024-09-11,Pavagadh,585
2024-09-12,Somnath,2921
2024-09-12,Dwarka,1562
2024-09-12,Ambaji,1331
2024-09-12,Pavagadh,742
2024-09-13,Somnath,3222
2024-09-13,Dwarka,2385
2024-09-13,Ambaji,2071
2024-09-13,Pavagadh,1281
2024-09-14,Somnath,4186
2024-09-14,Dwarka,2878
2024-09-14,Ambaji,2301
2024-09-14,Pavagadh,1637
2024-09-15,Somnath,4050
2024-09-15,Dwarka,2429
2024-09-15,Ambaji,2079
2024-09-15,Pavagadh,1535
2024-09-16,Somnath,3286
2024-09-16,Dwarka,1782
2024-09-16,Ambaji,1714
2024-09-16,Pavagadh,1456
2024-09-17,Somnath,2846
2024-09-17,Dwarka,1765
2024-09-17,Ambaji,913
2024-09-17,Pavagadh,819
2024-09-18,Somnath,3075
2024-09-18,Dwarka,1847
2024-09-18,Ambaji,1274
2024-09-18,Pavagadh,898
2024-09-19,Somnath,2947
2024-09-19,Dwarka,1657
2024-09-19,Ambaji,1014
2024-09-19,Pavagadh,1051
2024-09-20,Somnath,2975
2024-09-20,Dwarka,1906
2024-09-20,Ambaji,1321
2024-09-20,Pavagadh,985
2024-09-21,Somnath,4020
2024-09-21,Dwarka,2736
2024-09-21,Ambaji,1800
2024-09-21,Pavagadh,1393
2024-09-22,Somnath,4097
2024-09-22,Dwarka,2908
2024-09-22,Ambaji,2278
2024-09-22,Pavagadh,1637
2024-09-23,Somnath,3084
2024-09-23,Dwarka,1831
2024-09-23,Ambaji,1345
2024-09-23,Pavagadh,872
2024-09-24,Somnath,3390
2024-09-24,Dwarka,1649
2024-09-24,Ambaji,1405
2024-09-24,Pavagadh,1072
2024-09-25,Somnath,2490
2024-09-25,Dwarka,1498
2024-09-25,Ambaji,1150
2024-09-25,Pavagadh,825
2024-09-26,Somnath,3172
2024-09-26,Dwarka,1781
2024-09-26,Ambaji,1707
2024-09-26,Pavagadh,1396
2024-09-27,Somnath,2395
2024-09-27,Dwarka,1944
2024-09-27,Ambaji,1292
2024-09-27,Pavagadh,1020
2024-09-28,Somnath,4024
2024-09-28,Dwarka,2623
2024-09-28,Ambaji,1560
2024-09-28,Pavagadh,1308
2024-09-29,Somnath,3934
2024-09-29,Dwarka,2806
2024-09-29,Ambaji,2422
2024-09-29,Pavagadh,1516
2024-09-30,Somnath,2777
2024-09-30,Dwarka,1568
2024-09-30,Ambaji,1301
2024-09-30,Pavagadh,1765
2024-10-01,Somnath,4162
2024-10-01,Dwarka,2400
2024-10-01,Ambaji,2430
2024-10-01,Pavagadh,1560
2024-10-02,Somnath,5097
2024-10-02,Dwarka,2768
2024-10-02,Ambaji,2097
2024-10-02,Pavagadh,2076
2024-10-03,Somnath,4187
2024-10-03,Dwarka,2810
2024-10-03,Ambaji,2405
2024-10-03,Pavagadh,938
2024-10-04,Somnath,4151
2024-10-04,Dwarka,2380
2024-10-04,Ambaji,2005
2024-10-04,Pavagadh,1406
2024-10-05,Somnath,6264
2024-10-05,Dwarka,3804
2024-10-05,Ambaji,3067
2024-10-05,Pavagadh,2181
2024-10-06,Somnath,6804
2024-10-06,Dwarka,4230
2024-10-06,Ambaji,3147
2024-10-06,Pavagadh,2444
2024-10-07,Somnath,4915
2024-10-07,Dwarka,3011
2024-10-07,Ambaji,2471
2024-10-07,Pavagadh,2023
2024-10-08,Somnath,4784
2024-10-08,Dwarka,2908
2024-10-08,Ambaji,2326
2024-10-08,Pavagadh,1701
2024-10-09,Somnath,5324
2024-10-09,Dwarka,3414
2024-10-09,Ambaji,2508
2024-10-09,Pavagadh,2130
2024-10-10,Somnath,4715
2024-10-10,Dwarka,3026
2024-10-10,Ambaji,2355
2024-10-10,Pavagadh,1789
2024-10-11,Somnath,5285
2024-10-11,Dwarka,2958
2024-10-11,Ambaji,2711
2024-10-11,Pavagadh,1904
2024-10-12,Somnath,7024
2024-10-12,Dwarka,4467
2024-10-12,Ambaji,3518
2024-10-12,Pavagadh,2683
2024-10-13,Somnath,6191
2024-10-13,Dwarka,3678
2024-10-13,Ambaji,3070
2024-10-13,Pavagadh,2376
2024-10-14,Somnath,4159
2024-10-14,Dwarka,2773
2024-10-14,Ambaji,2166
2024-10-14,Pavagadh,1314
2024-10-15,Somnath,4187
2024-10-15,Dwarka,2522
2024-10-15,Ambaji,2140
2024-10-15,Pavagadh,1584
2024-10-16,Somnath,5630
2024-10-16,Dwarka,3503
2024-10-16,Ambaji,3167
2024-10-16,Pavagadh,2242
2024-10-17,Somnath,4940
2024-10-17,Dwarka,3110
2024-10-17,Ambaji,2853
2024-10-17,Pavagadh,1882
2024-10-18,Somnath,4739
2024-10-18,Dwarka,2945
2024-10-18,Ambaji,2323
2024-10-18,Pavagadh,1291
2024-10-19,Somnath,7259
2024-10-19,Dwarka,4742
2024-10-19,Ambaji,3621
2024-10-19,Pavagadh,2513
2024-10-20,Somnath,21991
2024-10-20,Dwarka,13739
2024-10-20,Ambaji,11572
2024-10-20,Pavagadh,8082
2024-10-21,Somnath,13851
2024-10-21,Dwarka,8663
2024-10-21,Ambaji,6768
2024-10-21,Pavagadh,5282
2024-10-22,Somnath,14352
2024-10-22,Dwarka,9128
2024-10-22,Ambaji,6958
2024-10-22,Pavagadh,5123
2024-10-23,Somnath,14436
2024-10-23,Dwarka,9088
2024-10-23,Ambaji,7151
2024-10-23,Pavagadh,5783
2024-10-24,Somnath,15727
2024-10-24,Dwarka,9793
2024-10-24,Ambaji,8031
2024-10-24,Pavagadh,5752
2024-10-25,Somnath,14562
2024-10-25,Dwarka,9399
2024-10-25,Ambaji,7256
2024-10-25,Pavagadh,5562
2024-10-26,Somnath,19534
2024-10-26,Dwarka,12025
2024-10-26,Ambaji,9477
2024-10-26,Pavagadh,7428
2024-10-27,Somnath,21878
2024-10-27,Dwarka,13636
2024-10-27,Ambaji,10704
2024-10-27,Pavagadh,8285
2024-10-28,Somnath,13959
2024-10-28,Dwarka,9011
2024-10-28,Ambaji,6956
2024-10-28,Pavagadh,5214
2024-10-29,Somnath,13557
2024-10-29,Dwarka,8572
2024-10-29,Ambaji,6686
2024-10-29,Pavagadh,5068
2024-10-30,Somnath,13079
2024-10-30,Dwarka,8435
2024-10-30,Ambaji,6881
2024-10-30,Pavagadh,4948
2024-10-31,Somnath,13607
2024-10-31,Dwarka,8434
2024-10-31,Ambaji,6670
2024-10-31,Pavagadh,4878
2024-11-01,Somnath,4901
2024-11-01,Dwarka,3006
2024-11-01,Ambaji,2588
2024-11-01,Pavagadh,1822
2024-11-02,Somnath,6661
2024-11-02,Dwarka,3759
2024-11-02,Ambaji,3237
2024-11-02,Pavagadh,2292
2024-11-03,Somnath,7320
2024-11-03,Dwarka,4437
2024-11-03,Ambaji,3471
2024-11-03,Pavagadh,2936
2024-11-04,Somnath,4111
2024-11-04,Dwarka,2408
2024-11-04,Ambaji,2073
2024-11-04,Pavagadh,1311
2024-11-05,Somnath,4811
2024-11-05,Dwarka,2905
2024-11-05,Ambaji,2580
2024-11-05,Pavagadh,1659
2024-11-06,Somnath,4901
2024-11-06,Dwarka,2948
2024-11-06,Ambaji,2768
2024-11-06,Pavagadh,1580
2024-11-07,Somnath,4528
2024-11-07,Dwarka,2739
2024-11-07,Ambaji,2431
2024-11-07,Pavagadh,1581
2024-11-08,Somnath,5023
2024-11-08,Dwarka,3194
2024-11-08,Ambaji,2632
2024-11-08,Pavagadh,1754
2024-11-09,Somnath,6514
2024-11-09,Dwarka,3990
2024-11-09,Ambaji,3064
2024-11-09,Pavagadh,2212
2024-11-10,Somnath,7278
2024-11-10,Dwarka,4429
2024-11-10,Ambaji,3700
2024-11-10,Pavagadh,2732
2024-11-11,Somnath,4497
2024-11-11,Dwarka,2785
2024-11-11,Ambaji,2403
2024-11-11,Pavagadh,1708
2024-11-12,Somnath,5077
2024-11-12,Dwarka,2743
2024-11-12,Ambaji,2136
2024-11-12,Pavagadh,1950
2024-11-13,Somnath,5023
2024-11-13,Dwarka,2966
2024-11-13,Ambaji,2557
2024-11-13,Pavagadh,1924
2024-11-14,Somnath,5079
2024-11-14,Dwarka,3057
2024-11-14,Ambaji,2660
2024-11-14,Pavagadh,2067
2024-11-15,Somnath,5043
2024-11-15,Dwarka,3096
2024-11-15,Ambaji,2275
2024-11-15,Pavagadh,1646
2024-11-16,Somnath,6032
2024-11-16,Dwarka,4105
2024-11-16,Ambaji,3168
2024-11-16,Pavagadh,2312
2024-11-17,Somnath,6823
2024-11-17,Dwarka,3879
2024-11-17,Ambaji,3511
2024-11-17,Pavagadh,2543
2024-11-18,Somnath,4873
2024-11-18,Dwarka,2777
2024-11-18,Ambaji,2474
2024-11-18,Pavagadh,1851
2024-11-19,Somnath,4251
2024-11-19,Dwarka,2719
2024-11-19,Ambaji,2132
2024-11-19,Pavagadh,1468
2024-11-20,Somnath,4746
2024-11-20,Dwarka,2911
2024-11-20,Ambaji,2485
2024-11-20,Pavagadh,1189
2024-11-21,Somnath,5238
2024-11-21,Dwarka,3003
2024-11-21,Ambaji,2620
2024-11-21,Pavagadh,1820
2024-11-22,Somnath,4819
2024-11-22,Dwarka,3139
2024-11-22,Ambaji,2607
2024-11-22,Pavagadh,1727
2024-11-23,Somnath,7527
2024-11-23,Dwarka,4520
2024-11-23,Ambaji,3745
2024-11-23,Pavagadh,2831
2024-11-24,Somnath,7205
2024-11-24,Dwarka,4913
2024-11-24,Ambaji,3722
2024-11-24,Pavagadh,2614
2024-11-25,Somnath,4763
2024-11-25,Dwarka,3132
2024-11-25,Ambaji,2403
2024-11-25,Pavagadh,1568
2024-11-26,Somnath,4329
2024-11-26,Dwarka,2537
2024-11-26,Ambaji,2257
2024-11-26,Pavagadh,1204
2024-11-27,Somnath,5134
2024-11-27,Dwarka,3204
2024-11-27,Ambaji,2903
2024-11-27,Pavagadh,2141
2024-11-28,Somnath,4743
2024-11-28,Dwarka,3161
2024-11-28,Ambaji,2386
2024-11-28,Pavagadh,1786
2024-11-29,Somnath,5577
2024-11-29,Dwarka,3677
2024-11-29,Ambaji,2644
2024-11-29,Pavagadh,2291
2024-11-30,Somnath,7399
2024-11-30,Dwarka,4846
2024-11-30,Ambaji,3858
2024-11-30,Pavagadh,2670
2024-12-01,Somnath,6150
2024-12-01,Dwarka,4131
2024-12-01,Ambaji,2979
2024-12-01,Pavagadh,2105
2024-12-02,Somnath,5155
2024-12-02,Dwarka,2910
2024-12-02,Ambaji,2678
2024-12-02,Pavagadh,2269
2024-12-03,Somnath,5191
2024-12-03,Dwarka,3115
2024-12-03,Ambaji,2554
2024-12-03,Pavagadh,1879
2024-12-04,Somnath,4642
2024-12-04,Dwarka,2712
2024-12-04,Ambaji,2126
2024-12-04,Pavagadh,1791
2024-12-05,Somnath,4813
2024-12-05,Dwarka,3005
2024-12-05,Ambaji,2136
2024-12-05,Pavagadh,1929
2024-12-06,Somnath,5338
2024-12-06,Dwarka,2891
2024-12-06,Ambaji,2845
2024-12-06,Pavagadh,1616
2024-12-07,Somnath,6516
2024-12-07,Dwarka,4364
2024-12-07,Ambaji,3163
2024-12-07,Pavagadh,2739
2024-12-08,Somnath,6393
2024-12-08,Dwarka,4208
2024-12-08,Ambaji,3472
2024-12-08,Pavagadh,2743
2024-12-09,Somnath,4192
2024-12-09,Dwarka,2779
2024-12-09,Ambaji,2191
2024-12-09,Pavagadh,1247
2024-12-10,Somnath,4596
2024-12-10,Dwarka,3196
2024-12-10,Ambaji,2499
2024-12-10,Pavagadh,1785
2024-12-11,Somnath,4827
2024-12-11,Dwarka,2729
2024-12-11,Ambaji,2576
2024-12-11,Pavagadh,1723
2024-12-12,Somnath,4261
2024-12-12,Dwarka,2774
2024-12-12,Ambaji,2409
2024-12-12,Pavagadh,1633
2024-12-13,Somnath,5007
2024-12-13,Dwarka,2892
2024-12-13,Ambaji,2258
2024-12-13,Pavagadh,1789
2024-12-14,Somnath,7005
2024-12-14,Dwarka,4358
2024-12-14,Ambaji,3413
2024-12-14,Pavagadh,2922
2024-12-15,Somnath,7341
2024-12-15,Dwarka,4659
2024-12-15,Ambaji,3827
2024-12-15,Pavagadh,2517
2024-12-16,Somnath,4704
2024-12-16,Dwarka,3351
2024-12-16,Ambaji,2595
2024-12-16,Pavagadh,1975
2024-12-17,Somnath,3807
2024-12-17,Dwarka,2206
2024-12-17,Ambaji,2022
2024-12-17,Pavagadh,1596
2024-12-18,Somnath,5220
2024-12-18,Dwarka,3007
2024-12-18,Ambaji,2803
2024-12-18,Pavagadh,1857
2024-12-19,Somnath,4661
2024-12-19,Dwarka,2729
2024-12-19,Ambaji,2148
2024-12-19,Pavagadh,1806
2024-12-20,Somnath,4638
2024-12-20,Dwarka,2702
2024-12-20,Ambaji,2410
2024-12-20,Pavagadh,1575
2024-12-21,Somnath,7088
2024-12-21,Dwarka,4524
2024-12-21,Ambaji,3392
2024-12-21,Pavagadh,2387
2024-12-22,Somnath,5955
2024-12-22,Dwarka,3696
2024-12-22,Ambaji,3320
2024-12-22,Pavagadh,2402
2024-12-23,Somnath,4881
2024-12-23,Dwarka,2871
2024-12-23,Ambaji,2245
2024-12-23,Pavagadh,1948
2024-12-24,Somnath,4718
2024-12-24,Dwarka,2852
2024-12-24,Ambaji,2105
2024-12-24,Pavagadh,1699
2024-12-25,Somnath,4254
2024-12-25,Dwarka,2592
2024-12-25,Ambaji,2141
2024-12-25,Pavagadh,1640
2024-12-26,Somnath,5245
2024-12-26,Dwarka,2914
2024-12-26,Ambaji,2243
2024-12-26,Pavagadh,2117
2024-12-27,Somnath,5281
2024-12-27,Dwarka,3471
2024-12-27,Ambaji,2803
2024-12-27,Pavagadh,2065
2024-12-28,Somnath,6229
2024-12-28,Dwarka,3841
2024-12-28,Ambaji,3337
2024-12-28,Pavagadh,2326
2024-12-29,Somnath,7269
2024-12-29,Dwarka,4541
2024-12-29,Ambaji,3904
2024-12-29,Pavagadh,2571
2024-12-30,Somnath,5379
2024-12-30,Dwarka,3207
2024-12-30,Ambaji,2675
2024-12-30,Pavagadh,1941
2024-12-31,Somnath,4588
2024-12-31,Dwarka,2924
2024-12-31,Ambaji,2407
2024-12-31,Pavagadh,1482
2025-01-01,Somnath,5369
2025-01-01,Dwarka,3240
2025-01-01,Ambaji,2405
2025-01-01,Pavagadh,2104
2025-01-02,Somnath,4477
2025-01-02,Dwarka,2906
2025-01-02,Ambaji,2237
2025-01-02,Pavagadh,1640
2025-01-03,Somnath,4664
2025-01-03,Dwarka,2912
2025-01-03,Ambaji,2358
2025-01-03,Pavagadh,1361
2025-01-04,Somnath,6374
2025-01-04,Dwarka,4329
2025-01-04,Ambaji,3216
2025-01-04,Pavagadh,2416
2025-01-05,Somnath,6892
2025-01-05,Dwarka,4285
2025-01-05,Ambaji,3323
2025-01-05,Pavagadh,2941
2025-01-06,Somnath,5075
2025-01-06,Dwarka,3083
2025-01-06,Ambaji,2247
2025-01-06,Pavagadh,1771
2025-01-07,Somnath,4825
2025-01-07,Dwarka,3133
2025-01-07,Ambaji,2467
2025-01-07,Pavagadh,1984
2025-01-08,Somnath,5061
2025-01-08,Dwarka,2883
2025-01-08,Ambaji,2572
2025-01-08,Pavagadh,1820
2025-01-09,Somnath,4831
2025-01-09,Dwarka,3354
2025-01-09,Ambaji,2601
2025-01-09,Pavagadh,1946
2025-01-10,Somnath,5165
2025-01-10,Dwarka,3258
2025-01-10,Ambaji,2684
2025-01-10,Pavagadh,1934
2025-01-11,Somnath,5964
2025-01-11,Dwarka,3698
2025-01-11,Ambaji,3016
2025-01-11,Pavagadh,2029
2025-01-12,Somnath,7461
2025-01-12,Dwarka,4587
2025-01-12,Ambaji,3952
2025-01-12,Pavagadh,3421
2025-01-13,Somnath,4961
2025-01-13,Dwarka,2825
2025-01-13,Ambaji,2555
2025-01-13,Pavagadh,1679
2025-01-14,Somnath,4735
2025-01-14,Dwarka,2960
2025-01-14,Ambaji,2196
2025-01-14,Pavagadh,1838
2025-01-15,Somnath,4279
2025-01-15,Dwarka,2656
2025-01-15,Ambaji,2749
2025-01-15,Pavagadh,2233
2025-01-16,Somnath,4676
2025-01-16,Dwarka,3245
2025-01-16,Ambaji,2144
2025-01-16,Pavagadh,1568
2025-01-17,Somnath,4923
2025-01-17,Dwarka,3072
2025-01-17,Ambaji,2673
2025-01-17,Pavagadh,1646
2025-01-18,Somnath,6468
2025-01-18,Dwarka,4364
2025-01-18,Ambaji,3311
2025-01-18,Pavagadh,2354
2025-01-19,Somnath,6308
2025-01-19,Dwarka,4246
2025-01-19,Ambaji,3571
2025-01-19,Pavagadh,2285
2025-01-20,Somnath,4934
2025-01-20,Dwarka,3138
2025-01-20,Ambaji,2472
2025-01-20,Pavagadh,2150
2025-01-21,Somnath,5087
2025-01-21,Dwarka,3623
2025-01-21,Ambaji,2806
2025-01-21,Pavagadh,1918
2025-01-22,Somnath,3888
2025-01-22,Dwarka,2926
2025-01-22,Ambaji,2324
2025-01-22,Pavagadh,1676
2025-01-23,Somnath,5003
2025-01-23,Dwarka,2959
2025-01-23,Ambaji,2521
2025-01-23,Pavagadh,1802
2025-01-24,Somnath,4191
2025-01-24,Dwarka,2753
2025-01-24,Ambaji,2292
2025-01-24,Pavagadh,1908
2025-01-25,Somnath,8028
2025-01-25,Dwarka,4800
2025-01-25,Ambaji,4016
2025-01-25,Pavagadh,2767
2025-01-26,Somnath,6403
2025-01-26,Dwarka,3925
2025-01-26,Ambaji,3319
2025-01-26,Pavagadh,2573
2025-01-27,Somnath,5281
2025-01-27,Dwarka,2803
2025-01-27,Ambaji,2437
2025-01-27,Pavagadh,1735
2025-01-28,Somnath,4300
2025-01-28,Dwarka,3045
2025-01-28,Ambaji,2172
2025-01-28,Pavagadh,1625
2025-01-29,Somnath,5291
2025-01-29,Dwarka,3742
2025-01-29,Ambaji,2706
2025-01-29,Pavagadh,1946
2025-01-30,Somnath,4904
2025-01-30,Dwarka,2865
2025-01-30,Ambaji,2362
2025-01-30,Pavagadh,2006
2025-01-31,Somnath,4695
2025-01-31,Dwarka,3167
2025-01-31,Ambaji,2270
2025-01-31,Pavagadh,1848
2025-02-01,Somnath,6826
2025-02-01,Dwarka,4211
2025-02-01,Ambaji,3373
2025-02-01,Pavagadh,2910
2025-02-02,Somnath,6522
2025-02-02,Dwarka,4185
2025-02-02,Ambaji,3394
2025-02-02,Pavagadh,2582
2025-02-03,Somnath,4764
2025-02-03,Dwarka,2785
2025-02-03,Ambaji,2420
2025-02-03,Pavagadh,1805
2025-02-04,Somnath,5021
2025-02-04,Dwarka,2939
2025-02-04,Ambaji,2413
2025-02-04,Pavagadh,2016
2025-02-05,Somnath,4383
2025-02-05,Dwarka,2963
2025-02-05,Ambaji,2662
2025-02-05,Pavagadh,1656
2025-02-06,Somnath,4449
2025-02-06,Dwarka,2408
2025-02-06,Ambaji,2119
2025-02-06,Pavagadh,1600
2025-02-07,Somnath,4529
2025-02-07,Dwarka,2532
2025-02-07,Ambaji,2559
2025-02-07,Pavagadh,1216
2025-02-08,Somnath,5851
2025-02-08,Dwarka,3505
2025-02-08,Ambaji,2999
2025-02-08,Pavagadh,2147
2025-02-09,Somnath,7500
2025-02-09,Dwarka,4796
2025-02-09,Ambaji,3904
2025-02-09,Pavagadh,3026
2025-02-10,Somnath,4260
2025-02-10,Dwarka,2260
2025-02-10,Ambaji,2518
2025-02-10,Pavagadh,1845
2025-02-11,Somnath,4902
2025-02-11,Dwarka,3131
2025-02-11,Ambaji,2331
2025-02-11,Pavagadh,1793
2025-02-12,Somnath,5261
2025-02-12,Dwarka,3403
2025-02-12,Ambaji,2787
2025-02-12,Pavagadh,2136
2025-02-13,Somnath,5025
2025-02-13,Dwarka,3502
2025-02-13,Ambaji,2577
2025-02-13,Pavagadh,1722
2025-02-14,Somnath,4636
2025-02-14,Dwarka,2965
2025-02-14,Ambaji,2354
2025-02-14,Pavagadh,1660
2025-02-15,Somnath,7413
2025-02-15,Dwarka,4753
2025-02-15,Ambaji,4177
2025-02-15,Pavagadh,2880
2025-02-16,Somnath,6640
2025-02-16,Dwarka,4104
2025-02-16,Ambaji,3371
2025-02-16,Pavagadh,2456
2025-02-17,Somnath,4875
2025-02-17,Dwarka,2781
2025-02-17,Ambaji,2213
2025-02-17,Pavagadh,1525
2025-02-18,Somnath,4878
2025-02-18,Dwarka,3166
2025-02-18,Ambaji,2507
2025-02-18,Pavagadh,1730
2025-02-19,Somnath,4360
2025-02-19,Dwarka,2477
2025-02-19,Ambaji,2094
2025-02-19,Pavagadh,1829
2025-02-20,Somnath,4403
2025-02-20,Dwarka,2776
2025-02-20,Ambaji,2287
2025-02-20,Pavagadh,1594
2025-02-21,Somnath,5009
2025-02-21,Dwarka,2962
2025-02-21,Ambaji,1995
2025-02-21,Pavagadh,1641
2025-02-22,Somnath,7051
2025-02-22,Dwarka,4473
2025-02-22,Ambaji,3513
2025-02-22,Pavagadh,2846
2025-02-23,Somnath,7265
2025-02-23,Dwarka,4438
2025-02-23,Ambaji,3606
2025-02-23,Pavagadh,2636
2025-02-24,Somnath,3991
2025-02-24,Dwarka,2823
2025-02-24,Ambaji,2278
2025-02-24,Pavagadh,1898
2025-02-25,Somnath,4759
2025-02-25,Dwarka,3525
2025-02-25,Ambaji,2409
2025-02-25,Pavagadh,1775
2025-02-26,Somnath,5317
2025-02-26,Dwarka,3093
2025-02-26,Ambaji,2628
2025-02-26,Pavagadh,1958
2025-02-27,Somnath,5162
2025-02-27,Dwarka,3285
2025-02-27,Ambaji,2653
2025-02-27,Pavagadh,2295
2025-02-28,Somnath,5016
2025-02-28,Dwarka,3021
2025-02-28,Ambaji,2577
2025-02-28,Pavagadh,1849
2025-03-01,Somnath,6297
2025-03-01,Dwarka,4099
2025-03-01,Ambaji,3167
2025-03-01,Pavagadh,2471
2025-03-02,Somnath,6363
2025-03-02,Dwarka,3828
2025-03-02,Ambaji,3097
2025-03-02,Pavagadh,2553
2025-03-03,Somnath,4375
2025-03-03,Dwarka,2911
2025-03-03,Ambaji,1992
2025-03-03,Pavagadh,1893
2025-03-04,Somnath,4641
2025-03-04,Dwarka,2715
2025-03-04,Ambaji,2165
2025-03-04,Pavagadh,1827
2025-03-05,Somnath,5168
2025-03-05,Dwarka,2881
2025-03-05,Ambaji,2076
2025-03-05,Pavagadh,1597
2025-03-06,Somnath,4541
2025-03-06,Dwarka,2704
2025-03-06,Ambaji,2310
2025-03-06,Pavagadh,1566
2025-03-07,Somnath,4872
2025-03-07,Dwarka,2764
2025-03-07,Ambaji,2223
2025-03-07,Pavagadh,1590
2025-03-08,Somnath,6860
2025-03-08,Dwarka,4054
2025-03-08,Ambaji,3333
2025-03-08,Pavagadh,2307
2025-03-09,Somnath,7137
2025-03-09,Dwarka,4641
2025-03-09,Ambaji,3750
2025-03-09,Pavagadh,2463
2025-03-10,Somnath,5807
2025-03-10,Dwarka,3744
2025-03-10,Ambaji,3051
2025-03-10,Pavagadh,2294
2025-03-11,Somnath,4995
2025-03-11,Dwarka,3152
2025-03-11,Ambaji,2439
2025-03-11,Pavagadh,1256
2025-03-12,Somnath,4746
2025-03-12,Dwarka,2947
2025-03-12,Ambaji,2143
2025-03-12,Pavagadh,2123
2025-03-13,Somnath,4313
2025-03-13,Dwarka,2587
2025-03-13,Ambaji,2368
2025-03-13,Pavagadh,1906
2025-03-14,Somnath,4230
2025-03-14,Dwarka,2701
2025-03-14,Ambaji,2087
2025-03-14,Pavagadh,1612
2025-03-15,Somnath,7105
2025-03-15,Dwarka,4434
2025-03-15,Ambaji,3604
2025-03-15,Pavagadh,2557
2025-03-16,Somnath,6211
2025-03-16,Dwarka,3831
2025-03-16,Ambaji,3554
2025-03-16,Pavagadh,2046
2025-03-17,Somnath,3928
2025-03-17,Dwarka,2334
2025-03-17,Ambaji,1968
2025-03-17,Pavagadh,1679
2025-03-18,Somnath,4442
2025-03-18,Dwarka,2697
2025-03-18,Ambaji,2467
2025-03-18,Pavagadh,1798
2025-03-19,Somnath,5202
2025-03-19,Dwarka,3278
2025-03-19,Ambaji,2591
2025-03-19,Pavagadh,1767
2025-03-20,Somnath,4953
2025-03-20,Dwarka,3542
2025-03-20,Ambaji,2396
2025-03-20,Pavagadh,2198
2025-03-21,Somnath,4747
2025-03-21,Dwarka,3018
2025-03-21,Ambaji,1977
2025-03-21,Pavagadh,1834
2025-03-22,Somnath,6962
2025-03-22,Dwarka,4413
2025-03-22,Ambaji,3687
2025-03-22,Pavagadh,2749
2025-03-23,Somnath,6037
2025-03-23,Dwarka,3845
2025-03-23,Ambaji,3223
2025-03-23,Pavagadh,2589
2025-03-24,Somnath,4863
2025-03-24,Dwarka,3091
2025-03-24,Ambaji,2578
2025-03-24,Pavagadh,1832
2025-03-25,Somnath,4662
2025-03-25,Dwarka,3086
2025-03-25,Ambaji,2195
2025-03-25,Pavagadh,1969
2025-03-26,Somnath,5514
2025-03-26,Dwarka,3710
2025-03-26,Ambaji,2840
2025-03-26,Pavagadh,2275
2025-03-27,Somnath,5519
2025-03-27,Dwarka,3246
2025-03-27,Ambaji,2660
2025-03-27,Pavagadh,1876
2025-03-28,Somnath,4155
2025-03-28,Dwarka,2443
2025-03-28,Ambaji,1913
2025-03-28,Pavagadh,1985
2025-03-29,Somnath,5622
2025-03-29,Dwarka,3521
2025-03-29,Ambaji,2784
2025-03-29,Pavagadh,2174
2025-03-30,Somnath,6008
2025-03-30,Dwarka,3642
2025-03-30,Ambaji,2973
2025-03-30,Pavagadh,1863
2025-03-31,Somnath,5256
2025-03-31,Dwarka,3656
2025-03-31,Ambaji,2559
2025-03-31,Pavagadh,1728
2025-04-01,Somnath,4608
2025-04-01,Dwarka,2842
2025-04-01,Ambaji,2331
2025-04-01,Pavagadh,1654
2025-04-02,Somnath,4070
2025-04-02,Dwarka,2507
2025-04-02,Ambaji,2110
2025-04-02,Pavagadh,1464
2025-04-03,Somnath,4407
2025-04-03,Dwarka,2800
2025-04-03,Ambaji,2478
2025-04-03,Pavagadh,1390
2025-04-04,Somnath,4183
2025-04-04,Dwarka,2422
2025-04-04,Ambaji,2233
2025-04-04,Pavagadh,1152
2025-04-05,Somnath,6197
2025-04-05,Dwarka,3522
2025-04-05,Ambaji,2768
2025-04-05,Pavagadh,1850
2025-04-06,Somnath,6016
2025-04-06,Dwarka,3705
2025-04-06,Ambaji,3006
2025-04-06,Pavagadh,1999
2025-04-07,Somnath,5998
2025-04-07,Dwarka,4021
2025-04-07,Ambaji,3102
2025-04-07,Pavagadh,2128
2025-04-08,Somnath,4626
2025-04-08,Dwarka,3319
2025-04-08,Ambaji,2525
2025-04-08,Pavagadh,2118
2025-04-09,Somnath,5281
2025-04-09,Dwarka,2838
2025-04-09,Ambaji,2531
2025-04-09,Pavagadh,1914
2025-04-10,Somnath,4343
2025-04-10,Dwarka,2745
2025-04-10,Ambaji,2137
2025-04-10,Pavagadh,1756
2025-04-11,Somnath,5702
2025-04-11,Dwarka,3504
2025-04-11,Ambaji,2619
2025-04-11,Pavagadh,2190
2025-04-12,Somnath,5696
2025-04-12,Dwarka,3570
2025-04-12,Ambaji,2949
2025-04-12,Pavagadh,2281
2025-04-13,Somnath,6669
2025-04-13,Dwarka,4138
2025-04-13,Ambaji,3345
2025-04-13,Pavagadh,2481
2025-04-14,Somnath,4358
2025-04-14,Dwarka,2637
2025-04-14,Ambaji,2319
2025-04-14,Pavagadh,1475
2025-04-15,Somnath,5379
2025-04-15,Dwarka,3143
2025-04-15,Ambaji,2914
2025-04-15,Pavagadh,1846
2025-04-16,Somnath,4907
2025-04-16,Dwarka,2919
2025-04-16,Ambaji,2457
2025-04-16,Pavagadh,1639
2025-04-17,Somnath,3785
2025-04-17,Dwarka,2548
2025-04-17,Ambaji,1989
2025-04-17,Pavagadh,1215
2025-04-18,Somnath,5057
2025-04-18,Dwarka,2929
2025-04-18,Ambaji,2051
2025-04-18,Pavagadh,1785
2025-04-19,Somnath,6346
2025-04-19,Dwarka,4093
2025-04-19,Ambaji,3349
2025-04-19,Pavagadh,2078
2025-04-20,Somnath,6858
2025-04-20,Dwarka,4126
2025-04-20,Ambaji,3311
2025-04-20,Pavagadh,2529
2025-04-21,Somnath,4663
2025-04-21,Dwarka,2843
2025-04-21,Ambaji,1928
2025-04-21,Pavagadh,1933
2025-04-22,Somnath,5100
2025-04-22,Dwarka,2983
2025-04-22,Ambaji,2507
2025-04-22,Pavagadh,1946
2025-04-23,Somnath,4986
2025-04-23,Dwarka,2743
2025-04-23,Ambaji,2468
2025-04-23,Pavagadh,1732
2025-04-24,Somnath,4675
2025-04-24,Dwarka,2943
2025-04-24,Ambaji,2704
2025-04-24,Pavagadh,2235
2025-04-25,Somnath,4259
2025-04-25,Dwarka,2900
2025-04-25,Ambaji,2661
2025-04-25,Pavagadh,1808
2025-04-26,Somnath,6968
2025-04-26,Dwarka,4187
2025-04-26,Ambaji,3245
2025-04-26,Pavagadh,2572
2025-04-27,Somnath,6973
2025-04-27,Dwarka,4456
2025-04-27,Ambaji,3457
2025-04-27,Pavagadh,2325
2025-04-28,Somnath,4788
2025-04-28,Dwarka,3004
2025-04-28,Ambaji,2771
2025-04-28,Pavagadh,1565
2025-04-29,Somnath,5292
2025-04-29,Dwarka,3399
2025-04-29,Ambaji,2403
2025-04-29,Pavagadh,1632
2025-04-30,Somnath,4923
2025-04-30,Dwarka,3113
2025-04-30,Ambaji,2490
2025-04-30,Pavagadh,1735
2025-05-01,Somnath,5308
2025-05-01,Dwarka,3519
2025-05-01,Ambaji,3128
2025-05-01,Pavagadh,1946
2025-05-02,Somnath,5363
2025-05-02,Dwarka,3007
2025-05-02,Ambaji,2519
2025-05-02,Pavagadh,2179
2025-05-03,Somnath,7748
2025-05-03,Dwarka,4830
2025-05-03,Ambaji,3887
2025-05-03,Pavagadh,3008
2025-05-04,Somnath,6142
2025-05-04,Dwarka,3391
2025-05-04,Ambaji,2673
2025-05-04,Pavagadh,2471
2025-05-05,Somnath,4448
2025-05-05,Dwarka,3024
2025-05-05,Ambaji,2386
2025-05-05,Pavagadh,1813
2025-05-06,Somnath,4258
2025-05-06,Dwarka,2593
2025-05-06,Ambaji,2235
2025-05-06,Pavagadh,1604
2025-05-07,Somnath,4553
2025-05-07,Dwarka,2705
2025-05-07,Ambaji,2675
2025-05-07,Pavagadh,1774
2025-05-08,Somnath,4717
2025-05-08,Dwarka,2747
2025-05-08,Ambaji,2406
2025-05-08,Pavagadh,1730
2025-05-09,Somnath,4133
2025-05-09,Dwarka,2777
2025-05-09,Ambaji,2411
2025-05-09,Pavagadh,1718
2025-05-10,Somnath,6284
2025-05-10,Dwarka,4078
2025-05-10,Ambaji,3475
2025-05-10,Pavagadh,2289
2025-05-11,Somnath,6803
2025-05-11,Dwarka,4139
2025-05-11,Ambaji,3397
2025-05-11,Pavagadh,2867
2025-05-12,Somnath,4604
2025-05-12,Dwarka,2705
2025-05-12,Ambaji,2376
2025-05-12,Pavagadh,1756
2025-05-13,Somnath,6027
2025-05-13,Dwarka,3380
2025-05-13,Ambaji,3019
2025-05-13,Pavagadh,1741
2025-05-14,Somnath,4680
2025-05-14,Dwarka,3169
2025-05-14,Ambaji,2215
2025-05-14,Pavagadh,2078
2025-05-15,Somnath,5282
2025-05-15,Dwarka,3357
2025-05-15,Ambaji,2642
2025-05-15,Pavagadh,1947
2025-05-16,Somnath,4793
2025-05-16,Dwarka,2880
2025-05-16,Ambaji,2400
2025-05-16,Pavagadh,1775
2025-05-17,Somnath,7297
2025-05-17,Dwarka,4132
2025-05-17,Ambaji,3705
2025-05-17,Pavagadh,2507
2025-05-18,Somnath,5811
2025-05-18,Dwarka,3744
2025-05-18,Ambaji,2890
2025-05-18,Pavagadh,2433
2025-05-19,Somnath,4213
2025-05-19,Dwarka,2417
2025-05-19,Ambaji,2161
2025-05-19,Pavagadh,1711
2025-05-20,Somnath,5103
2025-05-20,Dwarka,3051
2025-05-20,Ambaji,2890
2025-05-20,Pavagadh,2008
2025-05-21,Somnath,5135
2025-05-21,Dwarka,3261
2025-05-21,Ambaji,2333
2025-05-21,Pavagadh,1928
2025-05-22,Somnath,5130
2025-05-22,Dwarka,2783
2025-05-22,Ambaji,2335
2025-05-22,Pavagadh,1758
2025-05-23,Somnath,4241
2025-05-23,Dwarka,2685
2025-05-23,Ambaji,2401
2025-05-23,Pavagadh,1764
2025-05-24,Somnath,6215
2025-05-24,Dwarka,3893
2025-05-24,Ambaji,3385
2025-05-24,Pavagadh,2396
2025-05-25,Somnath,6080
2025-05-25,Dwarka,3947
2025-05-25,Ambaji,3007
2025-05-25,Pavagadh,2366
2025-05-26,Somnath,4893
2025-05-26,Dwarka,3575
2025-05-26,Ambaji,2957
2025-05-26,Pavagadh,1971
2025-05-27,Somnath,4609
2025-05-27,Dwarka,2423
2025-05-27,Ambaji,2155
2025-05-27,Pavagadh,1574
2025-05-28,Somnath,4688
2025-05-28,Dwarka,2553
2025-05-28,Ambaji,2380
2025-05-28,Pavagadh,1702
2025-05-29,Somnath,4845
2025-05-29,Dwarka,3302
2025-05-29,Ambaji,2250
2025-05-29,Pavagadh,2076
2025-05-30,Somnath,4544
2025-05-30,Dwarka,3212
2025-05-30,Ambaji,2363
2025-05-30,Pavagadh,1753
2025-05-31,Somnath,6756
2025-05-31,Dwarka,4384
2025-05-31,Ambaji,3262
2025-05-31,Pavagadh,2782
2025-06-01,Somnath,5040
2025-06-01,Dwarka,3207
2025-06-01,Ambaji,2884
2025-06-01,Pavagadh,2185
2025-06-02,Somnath,4794
2025-06-02,Dwarka,2558
2025-06-02,Ambaji,2146
2025-06-02,Pavagadh,1819
2025-06-03,Somnath,5117
2025-06-03,Dwarka,3391
2025-06-03,Ambaji,2364
2025-06-03,Pavagadh,2024
2025-06-04,Somnath,4269
2025-06-04,Dwarka,2820
2025-06-04,Ambaji,2111
2025-06-04,Pavagadh,1432
2025-06-05,Somnath,5270
2025-06-05,Dwarka,3245
2025-06-05,Ambaji,2593
2025-06-05,Pavagadh,1872
2025-06-06,Somnath,4429
2025-06-06,Dwarka,2722
2025-06-06,Ambaji,2184
2025-06-06,Pavagadh,1484
2025-06-07,Somnath,5984
2025-06-07,Dwarka,3487
2025-06-07,Ambaji,2831
2025-06-07,Pavagadh,2257
2025-06-08,Somnath,6864
2025-06-08,Dwarka,4496
2025-06-08,Ambaji,3623
2025-06-08,Pavagadh,2363
2025-06-09,Somnath,5084
2025-06-09,Dwarka,2687
2025-06-09,Ambaji,2494
2025-06-09,Pavagadh,1789
2025-06-10,Somnath,4562
2025-06-10,Dwarka,2673
2025-06-10,Ambaji,2402
2025-06-10,Pavagadh,1684
2025-06-11,Somnath,4074
2025-06-11,Dwarka,2395
2025-06-11,Ambaji,2122
2025-06-11,Pavagadh,1820
2025-06-12,Somnath,4322
2025-06-12,Dwarka,2997
2025-06-12,Ambaji,2035
2025-06-12,Pavagadh,1696
2025-06-13,Somnath,4753
2025-06-13,Dwarka,3450
2025-06-13,Ambaji,2279
2025-06-13,Pavagadh,1883
2025-06-14,Somnath,6209
2025-06-14,Dwarka,3810
2025-06-14,Ambaji,3161
2025-06-14,Pavagadh,2481
2025-06-15,Somnath,6192
2025-06-15,Dwarka,4028
2025-06-15,Ambaji,3262
2025-06-15,Pavagadh,2635
2025-06-16,Somnath,4326
2025-06-16,Dwarka,2695
2025-06-16,Ambaji,2059
2025-06-16,Pavagadh,1781
2025-06-17,Somnath,4421
2025-06-17,Dwarka,2764
2025-06-17,Ambaji,2606
2025-06-17,Pavagadh,2122
2025-06-18,Somnath,4915
2025-06-18,Dwarka,3175
2025-06-18,Ambaji,2792
2025-06-18,Pavagadh,1856
2025-06-19,Somnath,5469
2025-06-19,Dwarka,3206
2025-06-19,Ambaji,3301
2025-06-19,Pavagadh,1968
2025-06-20,Somnath,5758
2025-06-20,Dwarka,3665
2025-06-20,Ambaji,3125
2025-06-20,Pavagadh,2549
2025-06-21,Somnath,6800
2025-06-21,Dwarka,4379
2025-06-21,Ambaji,2823
2025-06-21,Pavagadh,2689
2025-06-22,Somnath,7264
2025-06-22,Dwarka,4563
2025-06-22,Ambaji,3606
2025-06-22,Pavagadh,2959
2025-06-23,Somnath,4434
2025-06-23,Dwarka,2873
2025-06-23,Ambaji,1887
2025-06-23,Pavagadh,1589
2025-06-24,Somnath,4006
2025-06-24,Dwarka,2254
2025-06-24,Ambaji,2220
2025-06-24,Pavagadh,1562
2025-06-25,Somnath,4186
2025-06-25,Dwarka,2466
2025-06-25,Ambaji,1974
2025-06-25,Pavagadh,1563
2025-06-26,Somnath,5006
2025-06-26,Dwarka,3327
2025-06-26,Ambaji,2662
2025-06-26,Pavagadh,2134
2025-06-27,Somnath,4941
2025-06-27,Dwarka,3239
2025-06-27,Ambaji,2603
2025-06-27,Pavagadh,1707
2025-06-28,Somnath,6574
2025-06-28,Dwarka,3782
2025-06-28,Ambaji,3396
2025-06-28,Pavagadh,2621
2025-06-29,Somnath,6192
2025-06-29,Dwarka,4011
2025-06-29,Ambaji,2987
2025-06-29,Pavagadh,2731
2025-06-30,Somnath,4867
2025-06-30,Dwarka,2678
2025-06-30,Ambaji,2013
2025-06-30,Pavagadh,1438
2025-07-01,Somnath,3077
2025-07-01,Dwarka,1541
2025-07-01,Ambaji,1632
2025-07-01,Pavagadh,1174
2025-07-02,Somnath,3511
2025-07-02,Dwarka,1978
2025-07-02,Ambaji,1390
2025-07-02,Pavagadh,1144
2025-07-03,Somnath,2785
2025-07-03,Dwarka,1538
2025-07-03,Ambaji,1226
2025-07-03,Pavagadh,985
2025-07-04,Somnath,3052
2025-07-04,Dwarka,1749
2025-07-04,Ambaji,1406
2025-07-04,Pavagadh,1107
2025-07-05,Somnath,4063
2025-07-05,Dwarka,2735
2025-07-05,Ambaji,2181
2025-07-05,Pavagadh,1298
2025-07-06,Somnath,4313
2025-07-06,Dwarka,2118
2025-07-06,Ambaji,1957
2025-07-06,Pavagadh,1250
2025-07-07,Somnath,2335
2025-07-07,Dwarka,1648
2025-07-07,Ambaji,1593
2025-07-07,Pavagadh,1105
2025-07-08,Somnath,2793
2025-07-08,Dwarka,1367
2025-07-08,Ambaji,1028
2025-07-08,Pavagadh,891
2025-07-09,Somnath,2793
2025-07-09,Dwarka,1597
2025-07-09,Ambaji,1688
2025-07-09,Pavagadh,661
2025-07-10,Somnath,2692
2025-07-10,Dwarka,1857
2025-07-10,Ambaji,1383
2025-07-10,Pavagadh,1064
2025-07-11,Somnath,3083
2025-07-11,Dwarka,1861
2025-07-11,Ambaji,1496
2025-07-11,Pavagadh,1174
2025-07-12,Somnath,4188
2025-07-12,Dwarka,2616
2025-07-12,Ambaji,2514
2025-07-12,Pavagadh,1765
2025-07-13,Somnath,4227
2025-07-13,Dwarka,2768
2025-07-13,Ambaji,1977
2025-07-13,Pavagadh,1507
2025-07-14,Somnath,2655
2025-07-14,Dwarka,1862
2025-07-14,Ambaji,1096
2025-07-14,Pavagadh,1265
2025-07-15,Somnath,3144
2025-07-15,Dwarka,2125
2025-07-15,Ambaji,1161
2025-07-15,Pavagadh,1019
2025-07-16,Somnath,2223
2025-07-16,Dwarka,1523
2025-07-16,Ambaji,1368
2025-07-16,Pavagadh,1188
2025-07-17,Somnath,3038
2025-07-17,Dwarka,2137
2025-07-17,Ambaji,1512
2025-07-17,Pavagadh,1154
2025-07-18,Somnath,3086
2025-07-18,Dwarka,1737
2025-07-18,Ambaji,1634
2025-07-18,Pavagadh,791
2025-07-19,Somnath,3498
2025-07-19,Dwarka,2170
2025-07-19,Ambaji,1677
2025-07-19,Pavagadh,1440
2025-07-20,Somnath,3603
2025-07-20,Dwarka,2224
2025-07-20,Ambaji,2129
2025-07-20,Pavagadh,1447
2025-07-21,Somnath,2695
2025-07-21,Dwarka,1607
2025-07-21,Ambaji,1191
2025-07-21,Pavagadh,963
2025-07-22,Somnath,2494
2025-07-22,Dwarka,1943
2025-07-22,Ambaji,1251
2025-07-22,Pavagadh,705
2025-07-23,Somnath,2588
2025-07-23,Dwarka,1506
2025-07-23,Ambaji,960
2025-07-23,Pavagadh,1082
2025-07-24,Somnath,2695
2025-07-24,Dwarka,1568
2025-07-24,Ambaji,994
2025-07-24,Pavagadh,1100
2025-07-25,Somnath,2976
2025-07-25,Dwarka,1753
2025-07-25,Ambaji,1555
2025-07-25,Pavagadh,905
2025-07-26,Somnath,3956
2025-07-26,Dwarka,2513
2025-07-26,Ambaji,1855
2025-07-26,Pavagadh,1487
2025-07-27,Somnath,3542
2025-07-27,Dwarka,2773
2025-07-27,Ambaji,1454
2025-07-27,Pavagadh,1303
2025-07-28,Somnath,2825
2025-07-28,Dwarka,2032
2025-07-28,Ambaji,1203
2025-07-28,Pavagadh,1501
2025-07-29,Somnath,2802
2025-07-29,Dwarka,1687
2025-07-29,Ambaji,1107
2025-07-29,Pavagadh,1051
2025-07-30,Somnath,2989
2025-07-30,Dwarka,1561
2025-07-30,Ambaji,1300
2025-07-30,Pavagadh,915
2025-07-31,Somnath,3358
2025-07-31,Dwarka,2067
2025-07-31,Ambaji,1722
2025-07-31,Pavagadh,1533
2025-08-01,Somnath,2832
2025-08-01,Dwarka,1695
2025-08-01,Ambaji,1435
2025-08-01,Pavagadh,1301
2025-08-02,Somnath,4456
2025-08-02,Dwarka,2870
2025-08-02,Ambaji,2165
2025-08-02,Pavagadh,1938
2025-08-03,Somnath,3484
2025-08-03,Dwarka,1976
2025-08-03,Ambaji,1664
2025-08-03,Pavagadh,1540
2025-08-04,Somnath,2773
2025-08-04,Dwarka,1570
2025-08-04,Ambaji,1198
2025-08-04,Pavagadh,826
2025-08-05,Somnath,3225
2025-08-05,Dwarka,1793
2025-08-05,Ambaji,1636
2025-08-05,Pavagadh,1155
2025-08-06,Somnath,2497
2025-08-06,Dwarka,1275
2025-08-06,Ambaji,1279
2025-08-06,Pavagadh,998
2025-08-07,Somnath,2945
2025-08-07,Dwarka,1615
2025-08-07,Ambaji,1493
2025-08-07,Pavagadh,971
2025-08-08,Somnath,2784
2025-08-08,Dwarka,1605
2025-08-08,Ambaji,1310
2025-08-08,Pavagadh,1153
2025-08-09,Somnath,4747
2025-08-09,Dwarka,2833
2025-08-09,Ambaji,2364
2025-08-09,Pavagadh,1747
2025-08-10,Somnath,10082
2025-08-10,Dwarka,6363
2025-08-10,Ambaji,5237
2025-08-10,Pavagadh,3981
2025-08-11,Somnath,7319
2025-08-11,Dwarka,4749
2025-08-11,Ambaji,3831
2025-08-11,Pavagadh,2862
2025-08-12,Somnath,7221
2025-08-12,Dwarka,4466
2025-08-12,Ambaji,3555
2025-08-12,Pavagadh,2783
2025-08-13,Somnath,6442
2025-08-13,Dwarka,4180
2025-08-13,Ambaji,3371
2025-08-13,Pavagadh,2549
2025-08-14,Somnath,6503
2025-08-14,Dwarka,4170
2025-08-14,Ambaji,3053
2025-08-14,Pavagadh,2449
2025-08-15,Somnath,7060
2025-08-15,Dwarka,4047
2025-08-15,Ambaji,3637
2025-08-15,Pavagadh,2762
2025-08-16,Somnath,9667
2025-08-16,Dwarka,6240
2025-08-16,Ambaji,5246
2025-08-16,Pavagadh,3565
2025-08-17,Somnath,10150
2025-08-17,Dwarka,6182
2025-08-17,Ambaji,4984
2025-08-17,Pavagadh,3889
2025-08-18,Somnath,7565
2025-08-18,Dwarka,4663
2025-08-18,Ambaji,3729
2025-08-18,Pavagadh,3131
2025-08-19,Somnath,7536
2025-08-19,Dwarka,4904
2025-08-19,Ambaji,3672
2025-08-19,Pavagadh,2648
2025-08-20,Somnath,6701
2025-08-20,Dwarka,4546
2025-08-20,Ambaji,3453
2025-08-20,Pavagadh,2565
2025-08-21,Somnath,2742
2025-08-21,Dwarka,1721
2025-08-21,Ambaji,1470
2025-08-21,Pavagadh,1142
2025-08-22,Somnath,2768
2025-08-22,Dwarka,1672
2025-08-22,Ambaji,1087
2025-08-22,Pavagadh,794
2025-08-23,Somnath,3637
2025-08-23,Dwarka,2450
2025-08-23,Ambaji,1783
2025-08-23,Pavagadh,1223
2025-08-24,Somnath,4495
2025-08-24,Dwarka,2804
2025-08-24,Ambaji,2223
2025-08-24,Pavagadh,1784
2025-08-25,Somnath,3172
2025-08-25,Dwarka,1873
2025-08-25,Ambaji,1332
2025-08-25,Pavagadh,1228
2025-08-26,Somnath,3360
2025-08-26,Dwarka,1718
2025-08-26,Ambaji,1619
2025-08-26,Pavagadh,1175
2025-08-27,Somnath,2763
2025-08-27,Dwarka,2242
2025-08-27,Ambaji,1378
2025-08-27,Pavagadh,943
2025-08-28,Somnath,3083
2025-08-28,Dwarka,1878
2025-08-28,Ambaji,1387
2025-08-28,Pavagadh,1113
2025-08-29,Somnath,2296
2025-08-29,Dwarka,1574
2025-08-29,Ambaji,1150
2025-08-29,Pavagadh,1178
2025-08-30,Somnath,3815
2025-08-30,Dwarka,2551
2025-08-30,Ambaji,2219
2025-08-30,Pavagadh,1567
2025-08-31,Somnath,4245
2025-08-31,Dwarka,2861
2025-08-31,Ambaji,2202
2025-08-31,Pavagadh,1551
2025-09-01,Somnath,2405
2025-09-01,Dwarka,1562
2025-09-01,Ambaji,1505
2025-09-01,Pavagadh,742
2025-09-02,Somnath,2752
2025-09-02,Dwarka,1751
2025-09-02,Ambaji,1108
2025-09-02,Pavagadh,706
2025-09-03,Somnath,2806
2025-09-03,Dwarka,2241
2025-09-03,Ambaji,1479
2025-09-03,Pavagadh,1111
2025-09-04,Somnath,3129
2025-09-04,Dwarka,1928
2025-09-04,Ambaji,1601
2025-09-04,Pavagadh,1274
2025-09-05,Somnath,2992
2025-09-05,Dwarka,1346
2025-09-05,Ambaji,1505
2025-09-05,Pavagadh,1030
2025-09-06,Somnath,3628
2025-09-06,Dwarka,2341
2025-09-06,Ambaji,1839
2025-09-06,Pavagadh,1860
2025-09-07,Somnath,4987
2025-09-07,Dwarka,2858
2025-09-07,Ambaji,2468
2025-09-07,Pavagadh,1553
2025-09-08,Somnath,2783
2025-09-08,Dwarka,2226
2025-09-08,Ambaji,1525
2025-09-08,Pavagadh,931
2025-09-09,Somnath,2941
2025-09-09,Dwarka,1799
2025-09-09,Ambaji,1244
2025-09-09,Pavagadh,1106
2025-09-10,Somnath,3329
2025-09-10,Dwarka,2276
2025-09-10,Ambaji,2004
2025-09-10,Pavagadh,1400
2025-09-11,Somnath,3133
2025-09-11,Dwarka,1776
2025-09-11,Ambaji,1465
2025-09-11,Pavagadh,1033
2025-09-12,Somnath,3829
2025-09-12,Dwarka,2121
2025-09-12,Ambaji,1970
2025-09-12,Pavagadh,1256
2025-09-13,Somnath,3382
2025-09-13,Dwarka,2649
2025-09-13,Ambaji,1692
2025-09-13,Pavagadh,1731
2025-09-14,Somnath,4746
2025-09-14,Dwarka,2608
2025-09-14,Ambaji,1763
2025-09-14,Pavagadh,1467
2025-09-15,Somnath,2523
2025-09-15,Dwarka,1830
2025-09-15,Ambaji,1488
2025-09-15,Pavagadh,990
2025-09-16,Somnath,2490
2025-09-16,Dwarka,1521
2025-09-16,Ambaji,1263
2025-09-16,Pavagadh,973
2025-09-17,Somnath,2314
2025-09-17,Dwarka,1152
2025-09-17,Ambaji,1538
2025-09-17,Pavagadh,1325
2025-09-18,Somnath,2835
2025-09-18,Dwarka,1590
2025-09-18,Ambaji,1356
2025-09-18,Pavagadh,825
2025-09-19,Somnath,2794
2025-09-19,Dwarka,1526
2025-09-19,Ambaji,1535
2025-09-19,Pavagadh,1348
2025-09-20,Somnath,3878
2025-09-20,Dwarka,2527
2025-09-20,Ambaji,1944
2025-09-20,Pavagadh,1322
2025-09-21,Somnath,3953
2025-09-21,Dwarka,2710
2025-09-21,Ambaji,2400
2025-09-21,Pavagadh,1443
2025-09-22,Somnath,2268
2025-09-22,Dwarka,1681
2025-09-22,Ambaji,1613
2025-09-22,Pavagadh,565
2025-09-23,Somnath,3287
2025-09-23,Dwarka,1799
2025-09-23,Ambaji,1762
2025-09-23,Pavagadh,1357
2025-09-24,Somnath,3340
2025-09-24,Dwarka,1736
2025-09-24,Ambaji,1526
2025-09-24,Pavagadh,1213
2025-09-25,Somnath,3231
2025-09-25,Dwarka,2008
2025-09-25,Ambaji,1026
2025-09-25,Pavagadh,1218
2025-09-26,Somnath,2964
2025-09-26,Dwarka,2079
2025-09-26,Ambaji,1850
2025-09-26,Pavagadh,1433
2025-09-27,Somnath,3965
2025-09-27,Dwarka,2531
2025-09-27,Ambaji,1828
2025-09-27,Pavagadh,1524
2025-09-28,Somnath,3976
2025-09-28,Dwarka,2414
2025-09-28,Ambaji,1773
2025-09-28,Pavagadh,1371
2025-09-29,Somnath,2209
2025-09-29,Dwarka,1358
2025-09-29,Ambaji,997
2025-09-29,Pavagadh,937
2025-09-30,Somnath,2751
2025-09-30,Dwarka,1315
2025-09-30,Ambaji,1364
2025-09-30,Pavagadh,1221
2025-10-01,Somnath,4621
2025-10-01,Dwarka,3246
2025-10-01,Ambaji,2491
2025-10-01,Pavagadh,1940
2025-10-02,Somnath,4900
2025-10-02,Dwarka,3133
2025-10-02,Ambaji,2793
2025-10-02,Pavagadh,1887
2025-10-03,Somnath,5415
2025-10-03,Dwarka,2866
2025-10-03,Ambaji,2459
2025-10-03,Pavagadh,1943
2025-10-04,Somnath,6095
2025-10-04,Dwarka,3553
2025-10-04,Ambaji,3090
2025-10-04,Pavagadh,2218
2025-10-05,Somnath,6111
2025-10-05,Dwarka,3881
2025-10-05,Ambaji,2752
2025-10-05,Pavagadh,2158
2025-10-06,Somnath,4438
2025-10-06,Dwarka,2959
2025-10-06,Ambaji,1989
2025-10-06,Pavagadh,1526
2025-10-07,Somnath,4583
2025-10-07,Dwarka,2999
2025-10-07,Ambaji,2325
2025-10-07,Pavagadh,1690
2025-10-08,Somnath,5527
2025-10-08,Dwarka,3488
2025-10-08,Ambaji,2740
2025-10-08,Pavagadh,2120
2025-10-09,Somnath,5025
2025-10-09,Dwarka,3258
2025-10-09,Ambaji,2251
2025-10-09,Pavagadh,1792
2025-10-10,Somnath,4360
2025-10-10,Dwarka,2582
2025-10-10,Ambaji,2340
2025-10-10,Pavagadh,1633
2025-10-11,Somnath,7157
2025-10-11,Dwarka,4354
2025-10-11,Ambaji,3840
2025-10-11,Pavagadh,2475
2025-10-12,Somnath,6952
2025-10-12,Dwarka,4140
2025-10-12,Ambaji,3538
2025-10-12,Pavagadh,2469
2025-10-13,Somnath,4342
2025-10-13,Dwarka,2580
2025-10-13,Ambaji,1978
2025-10-13,Pavagadh,1260
2025-10-14,Somnath,4098
2025-10-14,Dwarka,2907
2025-10-14,Ambaji,2284
2025-10-14,Pavagadh,1245
2025-10-15,Somnath,4869
2025-10-15,Dwarka,2997
2025-10-15,Ambaji,2191
2025-10-15,Pavagadh,1741
2025-10-16,Somnath,5105
2025-10-16,Dwarka,3383
2025-10-16,Ambaji,2794
2025-10-16,Pavagadh,2090
2025-10-17,Somnath,4216
2025-10-17,Dwarka,2811
2025-10-17,Ambaji,1911
2025-10-17,Pavagadh,1830
2025-10-18,Somnath,7286
2025-10-18,Dwarka,3859
2025-10-18,Ambaji,3512
2025-10-18,Pavagadh,2319
2025-10-19,Somnath,6453
2025-10-19,Dwarka,4156
2025-10-19,Ambaji,3222
2025-10-19,Pavagadh,2521
2025-10-20,Somnath,13423
2025-10-20,Dwarka,8635
2025-10-20,Ambaji,6990
2025-10-20,Pavagadh,4961
2025-10-21,Somnath,13055
2025-10-21,Dwarka,7854
2025-10-21,Ambaji,6972
2025-10-21,Pavagadh,5292
2025-10-22,Somnath,13683
2025-10-22,Dwarka,8572
2025-10-22,Ambaji,6882
2025-10-22,Pavagadh,5132
2025-10-23,Somnath,13367
2025-10-23,Dwarka,8316
2025-10-23,Ambaji,7134
2025-10-23,Pavagadh,5137
2025-10-24,Somnath,13900
2025-10-24,Dwarka,8661
2025-10-24,Ambaji,7387
2025-10-24,Pavagadh,5277
2025-10-25,Somnath,18122
2025-10-25,Dwarka,11556
2025-10-25,Ambaji,9557
2025-10-25,Pavagadh,6753
2025-10-26,Somnath,21760
2025-10-26,Dwarka,13604
2025-10-26,Ambaji,10998
2025-10-26,Pavagadh,8747
2025-10-27,Somnath,13914
2025-10-27,Dwarka,8317
2025-10-27,Ambaji,6727
2025-10-27,Pavagadh,5405
2025-10-28,Somnath,12876
2025-10-28,Dwarka,7905
2025-10-28,Ambaji,6229
2025-10-28,Pavagadh,4964
2025-10-29,Somnath,14355
2025-10-29,Dwarka,8841
2025-10-29,Ambaji,7310
2025-10-29,Pavagadh,5487
2025-10-30,Somnath,13775
2025-10-30,Dwarka,8945
2025-10-30,Ambaji,6882
2025-10-30,Pavagadh,5258
2025-10-31,Somnath,14567
2025-10-31,Dwarka,9087
2025-10-31,Ambaji,7682
2025-10-31,Pavagadh,5442
2025-11-01,Somnath,6033
2025-11-01,Dwarka,3823
2025-11-01,Ambaji,2832
2025-11-01,Pavagadh,2711
2025-11-02,Somnath,7020
2025-11-02,Dwarka,4574
2025-11-02,Ambaji,3359
2025-11-02,Pavagadh,2690
2025-11-03,Somnath,5655
2025-11-03,Dwarka,3631
2025-11-03,Ambaji,2812
2025-11-03,Pavagadh,1781
2025-11-04,Somnath,4361
2025-11-04,Dwarka,2962
2025-11-04,Ambaji,2018
2025-11-04,Pavagadh,1347
2025-11-05,Somnath,4017
2025-11-05,Dwarka,2678
2025-11-05,Ambaji,2042
2025-11-05,Pavagadh,1742
2025-11-06,Somnath,4954
2025-11-06,Dwarka,2682
2025-11-06,Ambaji,2457
2025-11-06,Pavagadh,1791
2025-11-07,Somnath,3640
2025-11-07,Dwarka,2565
2025-11-07,Ambaji,1873
2025-11-07,Pavagadh,1515
2025-11-08,Somnath,6480
2025-11-08,Dwarka,3978
2025-11-08,Ambaji,3069
2025-11-08,Pavagadh,2376
2025-11-09,Somnath,6885
2025-11-09,Dwarka,4344
2025-11-09,Ambaji,3347
2025-11-09,Pavagadh,2638
2025-11-10,Somnath,6176
2025-11-10,Dwarka,3903
2025-11-10,Ambaji,2959
2025-11-10,Pavagadh,2309
2025-11-11,Somnath,5015
2025-11-11,Dwarka,3386
2025-11-11,Ambaji,2679
2025-11-11,Pavagadh,1890
2025-11-12,Somnath,5172
2025-11-12,Dwarka,3505
2025-11-12,Ambaji,2921
2025-11-12,Pavagadh,1883
2025-11-13,Somnath,4389
2025-11-13,Dwarka,2699
2025-11-13,Ambaji,2369
2025-11-13,Pavagadh,1533
2025-11-14,Somnath,4736
2025-11-14,Dwarka,2960
2025-11-14,Ambaji,2133
2025-11-14,Pavagadh,1691
2025-11-15,Somnath,6538
2025-11-15,Dwarka,3832
2025-11-15,Ambaji,2997
2025-11-15,Pavagadh,1977
2025-11-16,Somnath,6209
2025-11-16,Dwarka,4116
2025-11-16,Ambaji,2883
2025-11-16,Pavagadh,2500
2025-11-17,Somnath,4892
2025-11-17,Dwarka,3176
2025-11-17,Ambaji,2535
2025-11-17,Pavagadh,2143
2025-11-18,Somnath,4767
2025-11-18,Dwarka,3175
2025-11-18,Ambaji,2537
2025-11-18,Pavagadh,1730
2025-11-19,Somnath,4706
2025-11-19,Dwarka,3417
2025-11-19,Ambaji,2671
2025-11-19,Pavagadh,1977
2025-11-20,Somnath,4504
2025-11-20,Dwarka,3052
2025-11-20,Ambaji,2381
2025-11-20,Pavagadh,1478
2025-11-21,Somnath,4086
2025-11-21,Dwarka,2607
2025-11-21,Ambaji,2119
2025-11-21,Pavagadh,1661
2025-11-22,Somnath,5340
2025-11-22,Dwarka,3751
2025-11-22,Ambaji,2644
2025-11-22,Pavagadh,2378
2025-11-23,Somnath,6221
2025-11-23,Dwarka,3631
2025-11-23,Ambaji,2943
2025-11-23,Pavagadh,2149
2025-11-24,Somnath,4982
2025-11-24,Dwarka,3015
2025-11-24,Ambaji,2301
2025-11-24,Pavagadh,1520
2025-11-25,Somnath,4093
2025-11-25,Dwarka,2889
2025-11-25,Ambaji,2177
2025-11-25,Pavagadh,1195
2025-11-26,Somnath,5010
2025-11-26,Dwarka,3294
2025-11-26,Ambaji,2414
2025-11-26,Pavagadh,1771
2025-11-27,Somnath,4615
2025-11-27,Dwarka,3123
2025-11-27,Ambaji,2318
2025-11-27,Pavagadh,1836
2025-11-28,Somnath,4708
2025-11-28,Dwarka,2789
2025-11-28,Ambaji,2404
2025-11-28,Pavagadh,1908
2025-11-29,Somnath,5917
2025-11-29,Dwarka,3871
2025-11-29,Ambaji,2767
2025-11-29,Pavagadh,2336
2025-11-30,Somnath,7762
2025-11-30,Dwarka,4768
2025-11-30,Ambaji,3683
2025-11-30,Pavagadh,2655
2025-12-01,Somnath,5554
2025-12-01,Dwarka,3196
2025-12-01,Ambaji,2807
2025-12-01,Pavagadh,1982
2025-12-02,Somnath,3943
2025-12-02,Dwarka,2782
2025-12-02,Ambaji,2018
2025-12-02,Pavagadh,1510
2025-12-03,Somnath,4705
2025-12-03,Dwarka,3027
2025-12-03,Ambaji,1998
2025-12-03,Pavagadh,1831
2025-12-04,Somnath,4497
2025-12-04,Dwarka,2959
2025-12-04,Ambaji,2365
2025-12-04,Pavagadh,1757
2025-12-05,Somnath,4220
2025-12-05,Dwarka,2761
2025-12-05,Ambaji,2494
2025-12-05,Pavagadh,1750
2025-12-06,Somnath,6260
2025-12-06,Dwarka,3952
2025-12-06,Ambaji,2888
2025-12-06,Pavagadh,2529
2025-12-07,Somnath,6249
2025-12-07,Dwarka,4520
2025-12-07,Ambaji,3344
2025-12-07,Pavagadh,2504
2025-12-08,Somnath,4310
2025-12-08,Dwarka,2813
2025-12-08,Ambaji,1929
2025-12-08,Pavagadh,1768
2025-12-09,Somnath,5584
2025-12-09,Dwarka,3307
2025-12-09,Ambaji,2865
2025-12-09,Pavagadh,1803
2025-12-10,Somnath,4698
2025-12-10,Dwarka,2537
2025-12-10,Ambaji,1966
2025-12-10,Pavagadh,1658
2025-12-11,Somnath,5238
2025-12-11,Dwarka,3251
2025-12-11,Ambaji,2515
2025-12-11,Pavagadh,1791
2025-12-12,Somnath,4171
2025-12-12,Dwarka,3007
2025-12-12,Ambaji,2436
2025-12-12,Pavagadh,1719
2025-12-13,Somnath,6376
2025-12-13,Dwarka,4200
2025-12-13,Ambaji,3073
2025-12-13,Pavagadh,2556
2025-12-14,Somnath,6584
2025-12-14,Dwarka,4172
2025-12-14,Ambaji,3472
2025-12-14,Pavagadh,1952
2025-12-15,Somnath,4716
2025-12-15,Dwarka,3002
2025-12-15,Ambaji,2366
2025-12-15,Pavagadh,1663
2025-12-16,Somnath,5004
2025-12-16,Dwarka,3003
2025-12-16,Ambaji,2224
2025-12-16,Pavagadh,1842
2025-12-17,Somnath,4492
2025-12-17,Dwarka,2967
2025-12-17,Ambaji,2360
2025-12-17,Pavagadh,1635
2025-12-18,Somnath,4649
2025-12-18,Dwarka,2455
2025-12-18,Ambaji,2327
2025-12-18,Pavagadh,1591
2025-12-19,Somnath,4652
2025-12-19,Dwarka,2867
2025-12-19,Ambaji,2602
2025-12-19,Pavagadh,1881
2025-12-20,Somnath,6903
2025-12-20,Dwarka,3932
2025-12-20,Ambaji,3277
2025-12-20,Pavagadh,2342
2025-12-21,Somnath,6573
2025-12-21,Dwarka,4214
2025-12-21,Ambaji,3113
2025-12-21,Pavagadh,2606
2025-12-22,Somnath,5007
2025-12-22,Dwarka,2976
2025-12-22,Ambaji,2470
2025-12-22,Pavagadh,1841
2025-12-23,Somnath,4733
2025-12-23,Dwarka,3169
2025-12-23,Ambaji,2537
2025-12-23,Pavagadh,1590
2025-12-24,Somnath,4113
2025-12-24,Dwarka,2649
2025-12-24,Ambaji,1957
2025-12-24,Pavagadh,2003
2025-12-25,Somnath,5758
2025-12-25,Dwarka,3640
2025-12-25,Ambaji,2975
2025-12-25,Pavagadh,2034
2025-12-26,Somnath,5439
2025-12-26,Dwarka,3066
2025-12-26,Ambaji,2670
2025-12-26,Pavagadh,2035
2025-12-27,Somnath,6832
2025-12-27,Dwarka,4491
2025-12-27,Ambaji,3268
2025-12-27,Pavagadh,2336
2025-12-28,Somnath,8347
2025-12-28,Dwarka,5144
2025-12-28,Ambaji,4405
2025-12-28,Pavagadh,3081
2025-12-29,Somnath,4376
2025-12-29,Dwarka,2707
2025-12-29,Ambaji,1854
2025-12-29,Pavagadh,1698
2025-12-30,Somnath,5059
2025-12-30,Dwarka,3168
2025-12-30,Ambaji,2264
2025-12-30,Pavagadh,1460
2025-12-31,Somnath,5551
2025-12-31,Dwarka,3403
2025-12-31,Ambaji,2642
2025-12-31,Pavagadh,2390
